document_id,raw_text,clean_text,certificate_title,organization,event,date,category,source
5ab1bdc0-3f0,"Certificate of Participation. This certifies that Rahul Gupta participated in the National Symposium on Data Science organized by Manipal Institute of Technology held on 2024-09-14. The conference featured paper presentations, keynote addresses, and panel discussions on emerging technologies. Certificate No: REF/56989",,National Symposium on Data Science,Manipal Institute of Technology,National Symposium on Data Science,2024-09-14,Conference,synthetic_v1
398c8b31-ea9,Inter-Department Sports Day. Certificate awarded to Pooja Bhat for outstanding performance in Marathon. Organized by National Institute of Technology Trichy. The tournament featured teams from multiple institutions and departments. Result: First Place. Date: 27/01/2020. Ref: CERT1489JSE,,Marathon - Inter-Department Sports Day,National Institute of Technology Trichy,Inter-Department Sports Day,27/01/2020,Sports,synthetic_v1
84aaf2a1-d2c,IEEE Xtreme Certificate of Participation. Arun Jones is commended for participating in the coding hackathon organized by BITS Pilani. The hackathon brought together talented developers to solve pressing challenges through technology and innovation. Duration: 36 hours. Date: 05/06/2021. Ref: REF8798V,,IEEE Xtreme,BITS Pilani,IEEE Xtreme,05/06/2021,Hackathon,synthetic_v1
e47bd239-bd1,"This certificate is presented to Vikram Brown for attending the Faculty Development Programme and Workshop on Kubernetes held at NASSCOM. The 5 days program covered atest trends and practical implementation strategies. Resource persons from industry and academia contributed.  December 17, 2022",,Workshop on Kubernetes,NASSCOM,Workshop: Kubernetes,"December 17, 2022",Workshop,synthetic_v1
f20d3aaa-1f5,This certificate is presented to Sanjay Wilson for attending the Faculty Development Programme and Workshop on Full Stack Development held at Manipal Institute of Technology. The 1 week program covered latest trends and practical implementation strategies. Resource persons from industry and academia contributed. 06 May 2022,,Workshop on Full Stack Development,Manipal Institute of Technology,Workshop: Full Stack Development,06 May 2022,Workshop,synthetic_v1
8efa7801-ae4,"TO WHOM IT MAY CONCERN. This is to certify that Pooja Iyer was employed as a Web Development Intern at Hexaware for a duration of 5 days. The intern demonstrated competence in software development practices, collaborative teamwork, and technical problem-solving. We wish them success in future endeavors. Date: 30/09/2022. Employee ID: DOC/64068",,Web Development Intern - Hexaware,Hexaware,Internship,30/09/2022,Internship,synthetic_v1
1d4affcd-648,ACADEMIC ACHIEVEMENT AWARD. Awarded to Keerthana Rao for securing the highest marks in the Department of Computer Science at National Institute of Technology Trichy. This certificate is presented in recognition of academic excellence and scholarly dedication. Date of Issue: 01 February 2021. Ref: DOC/96991C,,Academic Achievement Certificate,National Institute of Technology Trichy,Academic Examinations,01 February 2021,Academic Achievement,synthetic_v1
6872ae69-a04,"INTERNSHIP EXPERIENCE LETTER. Deloitte. Amanda Bhat worked with us as aFrontend Development Intern for 1 weeks. Key responsibilities included codlng , testing, documentation, and participation in sprint planning. The intern showed dedication and strong learning ability. Recommendation: Strorig. Datc of issue: October 14, 2021",,Frontend Development Intern - Deloitte,Deloitte,Internship,"October 14, 2021",Internship,synthetic_v1
810d22db-5ea,"INTERNSHIP EXPERINCE LETTER. Cisco. Swathi Rao worked with us as a Quality Assurance Intern for 2 days. Key nesponsibilitis included coding, testing, documentation, and participation in sprint plannin g. The intern showed dedication and strong learning ability. Recommendati0n: Strong. Date of issue: 27 July 2023",,Quality Assurance Intern - Cisco,Cisco,Internship,27 July 2023,Internship,synthetic_v1
c6aadae3-709,ACADEMIC CONFERENCE CERTIFICATE. Conference on Advances in Computer Vision hosted by ACM Student Chapter. Participant: Alex Nair. Role: Attendee. Date: 28/02/2020. The conference brought together researchers and practitioners from across the country to discuss advances in technology.,,Conference on Advances in Computer Vision,ACM Student Chapter,Conference on Advances in Computer Vision,28/02/2020,Conference,synthetic_v1
3c16ebb7-6b0,INTER-COLLEGE TECHNICAL COMPETITION. Project Expo. Certificate awarded to Mohan Martinez from PSG College of Technology for participating in the competition hosted by Anna University. Event type: Technical. Category: Programming. Level: College/University. Result: First Place. Date: 20-09-2022,,Project Expo,Anna University,Project Expo,20-09-2022,Technical Competition,synthetic_v1
e704a498-54b,This certificate is presented to Michael Patel in recognition of artistic contribution to Debate Competition held during Oasis at BITS Pilani. The participant exhibited remarkable talent and stage presence. Judge remarks: Commendable performance. Date: 2020-10-23,,Debate Competition - Oasis,BITS Pilani,Oasis,2020-10-23,Cultural Activity,synthetic_v1
b6f9cfc8-400,This certifies that Ramesh Banerjee attended the technical seminar titled 'Green Computing: Current Trends and Future Prospects' conducted by AWS Community. The seminar featured industry expert Ramesh Iyer and covered topics of current relevance. Date: 28/10/2025,,Seminar on Green Computing,AWS Community,Seminar: Green Computing,28/10/2025,Seminar,synthetic_v1
4ce05247-8b5,Industrial Training Certificate. This certifies that Akilesh Iyer has completed industrial training at Goldman Sachs in the capacity of Cloud Engineering Intern. Training duration: 4 days. The candidate demonstrated satisfactory performance and professional ethics. Grade: A. Issued: 07 January 2020. Reference: NO/24950G,,Cloud Engineering Intern - Goldman Sachs,Goldman Sachs,Internship,07 January 2020,Internship,synthetic_v1
98821cb1-6cf,"LETTER OF COMPLETION. Akil esh Potel has completed the Cloud  Engineering Intern program at Adobe. Duration: 5 months. Project: API Gateway Service. Technol0gics used: Python, JavaScript, SQL, C1oud S ervices. Manager signature included. Date: 20 Ma rch 2022",,Cloud Engineering Intern - Adobe,Adobe,Internship,20 March 2022,Internship,synthetic_v1
8b0bcd54-0c0,"HACKATHON CERTIFICATE. Build for Bharat. IIIT Hyderabad certifies that William Patel participated in the 36 hours hackathon challenge and developed a working prototype addressing the problem statement. Theme: FinTech. Date: May 23, 2020. Achievement: Winner",,Build for Bharat,IIIT Hyderabad,Build for Bharat,"May 23, 2020",Hackathon,synthetic_v1
bd69057e-876,"Certificate of Appreciation. CII appreciates the voluntary service of Ramesh Bhat during the Skill Development Camp. The volunteer played a key role in the success of the initiative. Impact: Significant. Date: October 30, 2023.",,Skill Development Camp,CII,Skill Development Camp,"October 30, 2023",Volunteer Activity,synthetic_v1
d1710a25-b0c,GUEST LECTURE CERTIFICATE. Venkat Jones attended the guest lecture on DevOps delivered by Daniel Williams at Google Developer Groups on 2025-08-14. The lecture covered foundational concepts and state-of-the-art developments. Organized by the Department of Computer Science.,,Seminar on DevOps,Google Developer Groups,Seminar: DevOps,2025-08-14,Seminar,synthetic_v1
0ef3836e-97b,NSS/NCC CERTIFICATE. This certifies that Priya Wilson has actively participated in the COVID-19 Relief Work organized by Youth Red Cross. The activity was part of the community outreach program aimed at social welfare. Service hours: 136. Date: 2021-07-02. Unit: NO60840YXS,,COVID-19 Relief Work,Youth Red Cross,COVID-19 Relief Work,2021-07-02,Volunteer Activity,synthetic_v1
3eae0cf1-528,"OUTREACH PROGRAM CERTIFICATE. Rotary Club conducted a Animal Welfare Campaign event. Volunteer: Emily Nair. Role: Coordinator. The event was aimed at community welfare and social upliftment. Hours: 33. Date: December 20, 2025",,Animal Welfare Campaign,Rotary Club,Animal Welfare Campaign,"December 20, 2025",Volunteer Activity,synthetic_v1
4bde3213-a8e,"This certificate is awarded to Tanvi Garcia for successful completion of the Quality Assurance Intern internship program at Freshworks. The intern worked for 3 days and gained hands-on experience in software engineering, agile development, and deployment processes. The work was of high quality and met professional standards. Signed by the Engineering Director. 21 November 2020",,Quality Assurance Intern - Freshworks,Freshworks,Internship,21 November 2020,Internship,synthetic_v1
0c78333d-45b,NATIONAL SEMINAR CERTIFICATE. Linux Foundation organized a National Level Seminar on Tech Ethics on 20/05/2026. This certificate is issued to Ramesh Davis for attending all sessions of the seminar. Eminent speakers from academia and industry shared their expertise. Chief Guest: Akilesh Singh.,,Seminar on Tech Ethics,Linux Foundation,Seminar: Tech Ethics,20/05/2026,Seminar,synthetic_v1
f34e23ca-a98,Certificate of Attendance. SRM Institute of Science and Technology conducted a workshop on API Development on 26-08-2025. This certificate confirms that Suresh Joshi attended all sessions spanning 3 days. The workshop provided comprehensive training in both theoretical foundations and practical applications.,,Workshop on API Development,SRM Institute of Science and Technology,Workshop: API Development,26-08-2025,Workshop,synthetic_v1
a83cbe60-530,"Certificate of Publication. Ananya Nair has published a research paper in the proceedings of International Symposium on Internet of Things organized by BITS Pilani. Paper title: 'A Study on Web Development using Machine Learning Approaches'. Published on: April 30, 2022. DOI: 10.9862/cert-51942crx",,International Symposium on Internet of Things,BITS Pilani,International Symposium on Internet of Things,"April 30, 2022",Conference,synthetic_v1
038db80d-ccb,"PERFORMING ARTS CERTIFICATE. Matthew Menon is awarded this certificate for outstanding performance in Cooking Competition at Festember conducted by PSG College of Technology. The performance demonstrated creativity, dedication, and artistic expression. Category: Cultural. Date: February 11, 2020. Ref: CRT-88535ZA",,Cooking Competition - Festember,PSG College of Technology,Festember,"February 11, 2020",Cultural Activity,synthetic_v1
e6538cf8-151,CONFERENCE PRESENTATION CERTIFICATE. Conference on Advances in Computer Vision. This is to certify that William Bhat presented a paper titled 'Advances in Machine Learning' at the conference organized by IEEE Computer Society on 07-06-2020. The paper was reviewed and accepted by the technical program committee. Paper ID: ID-56224KQ,,Conference on Advances in Computer Vision,IEEE Computer Society,Conference on Advances in Computer Vision,07-06-2020,Conference,synthetic_v1
4bcdd117-ce7,"TECHNICAL WORKSHOP CERTIFICATE. Christopher Srinivasan successfully participated in the Ethical Hacking bootcamp organized by Bharathiar University. The 1 week intensive training included project-based learning and assessment. Final project submitted and evaluated. Score: 84/100. Date: July 14, 2020",,Workshop on Ethical Hacking,Bharathiar University,Workshop: Ethical Hacking,"July 14, 2020",Workshop,synthetic_v1
3ef78bac-be6,"NATIONAL LEVEL HACKATHON CERTIFICATE. MLH Hackathon organized by Cognizant. This certificate is proudly presented to Stephanie Rodriguez for outstanding coding performance and innovative thinking during the 24 hours hackathon competition. The participant worked on real-world challenges and presented a functional solution. Third Place. Date: July 09, 2020",,MLH Hackathon,Cognizant,MLH Hackathon,"July 09, 2020",Hackathon,synthetic_v1
8a74aa2a-ca0,VOLUNTEER SERVICE CERTIFICATE. This is to certify that Ramesh Srinivasan volunteered for the Swachh Bharat Mission organized by Red Cross Society. The volunteer contributed 173 hours of service. Date: 28/08/2022. The volunteer demonstrated exceptional commitment to community service. Certificate ID: CRT/11401F,,Swachh Bharat Mission,Red Cross Society,Swachh Bharat Mission,28/08/2022,Volunteer Activity,synthetic_v1
66c5328b-6a9,"This certificate recognizes Arun Patel for excellence in Debugging Challenge organized by Amazon on April 10, 2026. The competition involved multiple rounds of technical challenges including coding, debugging, and system design. Final standing: Participant. Certificate ID: NO/22453F",,Debugging Challenge,Amazon,Debugging Challenge,"April 10, 2026",Technical Competition,synthetic_v1
a02793e6-69b,"CODING HACKATHON ACHIEVEMENT. Hack the Mountain. Certificate for Nicole Verma. Organized at National Institute of Technology Trichy on April 15, 2021. Challenge type: Build and deploy a working application in 3 days. Technologies used: Python, JavaScript, APIs, Cloud. Result: Participant. Judge panel commendation received.",,Hack the Mountain,National Institute of Technology Trichy,Hack the Mountain,"April 15, 2021",Hackathon,synthetic_v1
51988bd3-102,"Certificate of Participation. This is to certify that Sneha Verma participated in CodeChef Long Challenge organized by Infosys held on 16-04-2024. The competition tested skills in algorithms, data structures, and problem solving. Position: Winner. Certificate No: DOC/14960E",,CodeChef Long Challenge,Infosys,CodeChef Long Challenge,16-04-2024,Technical Competition,synthetic_v1
a1db8210-af4,"This certificate is awarded to Daniel Sharma for achieving the Best Outgoing Student Award from the Department of Information Technology, Anna University. The student has shown outstanding performance in academics, research, and extracurricular activities throughout their program. Dated: 11/02/2021",,Academic Achievement Certificate,Anna University,Academic Examinations,11/02/2021,Academic Achievement,synthetic_v1
dd7563d3-70e,University Sports Meet. Certificate awarded to Daniel Martinez for outstanding performance in Chess. Organized by SRM Institute of Science and Technology. The tournament featured teams from multiple institutions and departments. Result: Participant. Date: 08/01/2026. Ref: CRT/86434QXL,,Chess - University Sports Meet,SRM Institute of Science and Technology,University Sports Meet,08/01/2026,Sports,synthetic_v1
b7494f32-0ce,"Certificate of Volunteering. Rotary Club certifies that Sneha Verma served as a volunteer for the Senior Citizen Support Program conducted on 12 August 2024. The volunteer helped in organizing, coordinating, and executing the event. Hours contributed: 122. Ref: REF/27893QD",,Senior Citizen Support Program,Rotary Club,Senior Citizen Support Program,12 August 2024,Volunteer Activity,synthetic_v1
2d42e415-677,UNIVERSITY SPORTS CERTIFICATE. Amrita Vishwa Vidyapeetbam awards this certificate to Stephanie Johnson for representing tbe institutlon in Kabaddi at the South Zone Tournament. The athlete showed rernark able performance and competitive spirit. Result: Participant. Event Date: 2024-01-22. Player ID: CRT/6865YA,,Kabaddi - South Zone Tournament,Amrita Vishwa Vidyapeetham,South Zone Tournament,2024-01-22,Sports,synthetic_v1
1ef735d7-849,"CODING COMPETITION CERTIFICATE. ACM ICPC organized by Infosys. Participant: Venkat Williams. Problems solved: 5 out of 5. Rank: 87 out of 3366 participants. Date: March 05, 2026. Achievement: Runner Up",,ACM ICPC,Infosys,ACM ICPC,"March 05, 2026",Technical Competition,synthetic_v1
34dbd9cf-09f,INTERNATIONAL CONFERENCE CERTIFICATE. International Cnference on Artificial Intelligence.We certify that Swathi Wilson attended the international conference organized by VIT University. The conference was held on 18/03/2020 with participation from researchers across the globe. Theme: Innovations in Computing.,,International Conference on Artificial Intelligence,VIT University,International Conference on Artificial Intelligence,18/03/2020,Conference,synthetic_v1
39b298fe-f2a,Techofes. VIT University. Certificate of Achievement. Awarded to William Kumar for participation in Rangoli Competition. The cultural event brought together talented performers and artists from across the institution. Standing: First Place. Date: 22-03-2024,,Rangoli Competition - Techofes,VIT University,Techofes,22-03-2024,Cultural Activity,synthetic_v1
b233b3a9-465,CERTIFICATE OF ACADEMIC EXCELLENCE. VIT University. This is to certify that Vikram Johnson has been awarded a Gold Medal for securing the highest aggregate marks in the B.Tech Computer Science and Engineering program. Convocation held on 2024-07-08. Registration No: REF/84209WU,,Academic Achievement Certificate,VIT University,Academic Examinations,2024-07-08,Academic Achievement,synthetic_v1
4e37d3f2-cb1,Certificate of Participation. Seminar on Python Programming. Participant: Kavitha Nair. Venue: Mozilla Developer Network. Date: 13 November 2026. Keynote Speaker: Bhavana Rao. The seminar explored theoretical underpinnings and practical applications of the subject. Ref: CRT-48178MZR,,Seminar on Python Programming,Mozilla Developer Network,Seminar: Python Programming,13 November 2026,Seminar,synthetic_v1
ecdbce0f-cc1,This certificate is presented to Sneha Joshi for attending the Faculty Development Programme and Workshop on Internet of Things held at Indian Institute of Technology Madras. The 2 days program covered latest trends and practical implementation strategies. Resource persons from industry and academia contributed. 2021-01-03,,Workshop on Internet of Things,Indian Institute of Technology Madras,Workshop: Internet of Things,2021-01-03,Workshop,synthetic_v1
cb007346-09e,"LETTER OF COMPLETION. Alex Chatterjee has completed the Mobile App Development Intern program at IBM. Duration: 1 days. Project: Data Pipeline Framework. Technologies used: Python, JavaScript, SQL, Cloud Services. Manager signature included. Date: 26-10-2022",,Mobile App Development Intern - IBM,IBM,Internship,26-10-2022,Internship,synthetic_v1
ecbeed21-06c,SPORTS ACHIEVEMENT CERTIFICATE. This is to certify that Varsha Joshi participated in Basketball at the All India University Games organized by Manipal Institute of Technology. Position secured: Participant. The tournament was held on 2026-04-09. Certificate No: REF/94757MML,,Basketball - All India University Games,Manipal Institute of Technology,All India University Games,2026-04-09,Sports,synthetic_v1
317b658e-552,"HANDS-ON TRAINING WORKSHOP. Certificate awarded to Varsha Martinez for active participation in the Kubernetes workshop organized by the Department of Computer Science, Kumaraguru College of Technology. Duration: 1 day. Topics covered: Introduction, Core Concepts, Advanced Techniques, Real-world Applications. Date: January 05, 2026",,Workshop on Kubernetes,Kumaraguru College of Technology,Workshop: Kubernetes,"January 05, 2026",Workshop,synthetic_v1
4cc6fd0b-35f,"VERIFIED CERTIFICATE. This is to confirm that Kavitha Garcia has passed the Microsoft Azure Fundamentals AZ-900 examination and is certified by Udemy. The certification validates expertise in the relevant domain and demonstrates commitment to professional development. Issue Date: September 24, 2023",,Microsoft Azure Fundamentals AZ-900,Udemy,Certification Examination,"September 24, 2023",Certification,synthetic_v1
dd9cb0aa-267,HACKATHON CERTIFICATE. DevPost Hackathon. Microsoft certifies that William Johnson participated in the 3 days hackathon cha1lenge and develoed a working prot0type addressing the problem statement. Theme: Smant City Date: 01 May 2026. Achievement: Wlnner,,DevPost Hackathon,Microsoft,DevPost Hackathon,01 May 2026,Hackathon,synthetic_v1
7a39d97c-a9b,SUMMER INTERNSHIP CERTIFICATE. HCL Technologies. We are pleased to certify that Akilesh Sharma has undergone industrial training as a Machine Learning Intern at our organization for 6 months. The training was conducted under the supervision of senior engineers and the intern performed satisfactorily. Certificate No: CRT/5212YGR. Date: 05-12-2023,,Machine Learning Intern - HCL Technologies,HCL Technologies,Internship,05-12-2023,Internship,synthetic_v1
131bb3c7-643,Certificate of Completion. Jennifer Rao bas successfully completed te HashiCorp Terraform Associate course on PayPal. Duration: 4 days. Modules completed: 9. Final assessment scre: 83%. Issued: 16/01/2023. Certificate No: CERT-63021,,HashiCorp Terraform Associate,PayPal,Certification Examination,16/01/2023,Certification,synthetic_v1
fc9c2eaf-cf6,"Certificate of Completion. Meera Garcia has successfully completed the Oracle Certified Java Programmer course on LinkedIn Learning. Duration: 1 weeks. Modules completed: 9. Final assessment score: 96%. Issued: June 27, 2021. Certificate No: NO98721AT",,Oracle Certified Java Programmer,LinkedIn Learning,Certification Examination,"June 27, 2021",Certification,synthetic_v1
031cede1-91d,HACKATHON CERTIFICATE. CodeAgon. Amazon certifies that Arjun Pillai participated in the 3 days hackathon challenge and developed a working prototype addressing the problem statement. Theme: Healthcare. Date: 30-01-2026. Achievement: First Place,,CodeAgon,Amazon,CodeAgon,30-01-2026,Hackathon,synthetic_v1
ba1f2590-f33,"To Whom It May Concern. This is to certify that Harini Rao, a student of National Institute of Technology Trichy, has successfully completed the Honours Program in Data Science with a grade of A+. The student has demonstrated exceptional analytical and research capabilities. Issued on: 31-05-2022",,Academic Achievement Certificate,National Institute of Technology Trichy,Academic Examinations,31-05-2022,Academic Achievement,synthetic_v1
bde93679-445,"Certificate of Publication. Ganesh Miller has published a research paper in the proceedings of International Symposium on Internet of Things organized by College of Engineering Guindy. Paper title: 'A Study on Data Structures and Algorithms using Machine Learning Approaches'. Published on: December 29, 2022. DOI: 10.2393/ref-90518ac",,International Symposium on Internet of Things,College of Engineering Guindy,International Symposium on Internet of Things,"December 29, 2022",Conference,synthetic_v1
d5c5a291-137,"INTERNSHIP COMPLETION CERTIFICATE. This is to certify that Kavitha Banerjee has successfully completed an internship at Adobe as a UI/UX Design Intern. Duration: 2 days. During the internship, the candidate worked on real-world projects and demonstrated strong technical skills and professional conduct. Date: 2023-08-13. HR Reference: DOC18785OHC",,UI/UX Design Intern - Adobe,Adobe,Internship,2023-08-13,Internship,synthetic_v1
1a07d1d5-32c,"SYMPOSIUM PARTICIPATION CERTIFICATE. International Conference on Machine Learning and Applications. Organized by ACM Student Chapter. Date: 2025-11-07. This certificate acknowledges the participation of Nicole Bhat in the national symposium. The event included invited talks, panel discussions, and poster presentations on recent developments.",,International Conference on Machine Learning and Applications,ACM Student Chapter,International Conference on Machine Learning and Applications,2025-11-07,Conference,synthetic_v1
ed5a6a31-8e2,WORKSHOP COMPLETION CERTIFICATE. ACM Student Chapter certifies that Arun Kumar has completed the 1 week hands-on workshop on Python Programming. The participant demonstrated practical understanding and completed all assigned exercises. Issued on 05/10/2025.,,Workshop on Python Programming,ACM Student Chapter,Workshop: Python Programming,05/10/2025,Workshop,synthetic_v1
27606b53-a69,Annual Athletic Meet. Certificate awarded to Pooja Brown for outstanding performance in Shot Put. Organized by Amrita Vishwa Vidyapeetham. The tournament featured teams from multiple institutions and departments. Result: Winner. Date: 2020-01-20. Ref: CERT70386IE,,Shot Put - Annual Athletic Meet,Amrita Vishwa Vidyapeetham,Annual Athletic Meet,2020-01-20,Sports,synthetic_v1
8b08340c-eb1,COLLEGE FEST PARTICIPATION CERTIFICATE. Inter-College Cultural Meet. Event: Literary Festival. Participant: Daniel Johnson. College: Indian Institute of Technology Madras. Date: 2021-06-09. The annual cultural festival celebrated the artistic and creative spirit of students. Position: First Place. Certificate No: REF-13811R,,Literary Festival - Inter-College Cultural Meet,Indian Institute of Technology Madras,Inter-College Cultural Meet,2021-06-09,Cultural Activity,synthetic_v1
fd6692da-237,Certificate of Participation. Seminar on Quantum Computing. Participant: Hari Kumar. Venue: Indian Institute of Technology Madras. Date: 17 November 2020. Keynote Speaker: Priya Menon. The seminar explored theoretical underpinnings and practical applications of the subject. Ref: NO-21868,,Seminar on Quantum Computing,Indian Institute of Technology Madras,Seminar: Quantum Computing,17 November 2020,Seminar,synthetic_v1
73f17312-bc9,VERIFIED CERTIFICATE. This is to confirm that Ramesh Garcia has passed the Scrum Master Certified examination and is certified by Amazon. The certification validates expertise in the relevant domain and demonstrates commitment to professional development. Issue Date: 15 March 2022,,Scrum Master Certified,Amazon,Certification Examination,15 March 2022,Certification,synthetic_v1
cf6cf7c4-14f,Zonal Level Competition. Certificate awarded to Priya Singh for outstanding performance in Carrom. Organized by IIIT Hyderabad. The tournament featured teams from multiple institutions and departments. Result: First Place. Date: 04 March 2024. Ref: CRT40918,,Carrom - Zonal Level Competition,IIIT Hyderabad,Zonal Level Competition,04 March 2024,Sports,synthetic_v1
6ddd2752-a06,University Sports Meet. Certificate awarded to Rahul Brown for outstanding performance in Athletics. Organized by SRM Institute of Science and Technology. The tournament featured teams from multiple institutions and departments. Result: Third Place. Date: 10 February 2026. Ref: NO/96090J,,Athletics - University Sports Meet,SRM Institute of Science and Technology,University Sports Meet,10 February 2026,Sports,synthetic_v1
9bf18555-2ca,TECHNICAL COMPETITION CERTIFICATE. CodeVita. ACM Student Chapter certifies that Madhavi Jones competed in the technical competition and demonstrated strong analytical and programming skills. Round cleared: Preliminary. Result: Runner Up. Date: 14/02/2024,,CodeVita,ACM Student Chapter,CodeVita,14/02/2024,Technical Competition,synthetic_v1
8fa81651-4e5,"Dean's List Certificate. Keerthana Jones is hereby placed on the Dean's List for the academic semester at SRM Institute of Science and Technology in recognition of exceptional academic performance and maintaining a GPA above 9.0 out of 10.0. May 01, 2022",,Academic Achievement Certificate,SRM Institute of Science and Technology,Academic Examinations,"May 01, 2022",Academic Achievement,synthetic_v1
64df7cb7-084,"HACKATHON WINNER CERTIFICATE. This is to certify that Riya Miller secured First Place at Innovation Challenge organized by TCS o n 12 August 2025. The 36 hours intensive competition tested skills iri problem analysis, solution design, coding, and presentation. Prize category: Best Technical Implementation.",,Innovation Challenge,TCS,Innovation Challenge,12 August 2025,Hackathon,synthetic_v1
067dd5ed-1de,This certificate is presented to Emily Agarwal for participation in Throwball at the Inter-Department Sports Day conducted by Indian Institute of Technology Madras. The student demonstrated dedication and skill throughout the tournament. Level: University. Position: Participant. 03 August 2025,,Throwball - Inter-Department Sports Day,Indian Institute of Technology Madras,Inter-Department Sports Day,03 August 2025,Sports,synthetic_v1
70184cd3-f45,INTERNATIONAL CONFERENCE CERTIFICATE. National Conference on Cyber Security. We certify that Nithya Das attended the international conference organized by Loyola College Chennai. The conference was held on 2023-01-02 with participation from researchers across the globe. Theme: Innovations in Computing.,,National Conference on Cyber Security,Loyola College Chennai,National Conference on Cyber Security,2023-01-02,Conference,synthetic_v1
f8d0169b-1ce,HackerEarth Cha1lenge Certiflcate of Participation. Ramesh Bhat is commended for participating in the coding hockathon organi zed by HC L Techriologies. The hackathon brouht together talen ted developers to solve pressing challenges thrugh technology and inn0vation. Duratio n: 24 hours. Date: 02-03-2024. Ref: CRT-52842BFM,,HackerEarth Challenge,HCL Technologies,HackerEarth Challenge,02-03-2024,Hackathon,synthetic_v1
1695a37d-0c4,"To Whom It May Concern. This is to certify that Ashwin Rao, a student of Sri Krishna College of Technology, has successfully completed the Honours Program in Data Science with a grade of A+. The student has demonstrated exceptional analytical and research capabilities. Issued on: January 15, 2026",,Academic Achievement Certificate,Sri Krishna College of Technology,Academic Examinations,"January 15, 2026",Academic Achievement,synthetic_v1
84e307c6-da6,Digital Certificate. Ramesh Nair is now a certified professional. Certification: Google Data Analytics Professional. Issuing Organization: Udacity. Exam passed on: 19-01-2022. Score: Pass. Badge earned. Credential ID: ID-16704NKW. This certificate does not expire.,,Google Data Analytics Professional,Udacity,Certification Examination,19-01-2022,Certification,synthetic_v1
623fc0e0-cc2,SPORTS ACHIEVEMENT CERTIFICATE. This is to certify that Tanvi Reddy participated in Carrom at the All India University Games organized by BITS Pilani. Position secured: Runner Up. The tournament was held on 22/12/2025. Certificate No: CRT-9418OO,,Carrom - All India University Games,BITS Pilani,All India University Games,22/12/2025,Sports,synthetic_v1
ab5184d8-e5e,Certificate of Paper Presentation. Pooja Pillai presented research work on the topic of Internet of Things at International Conference on Cloud Computing and Big Data organized by IIIT Hyderabad. The presentation was well received by the academic community. Conference Date: 19/10/2025. Session: Technical Track 5.,,International Conference on Cloud Computing and Big Data,IIIT Hyderabad,International Conference on Cloud Computing and Big Data,19/10/2025,Conference,synthetic_v1
8f3a7bed-a9d,SCHOLARSHIP CERTIFICATE. Arjun Rodriguez has been awarded the Merit Scholarship for Academic Excellence by VIT University for maintaining an outstanding academic record. The scholarship covers tuition and academic fees. Academic Year 2024-2025. Certificate No: CRT75946GUB. Date: 05/02/2023,,Academic Achievement Certificate,VIT University,Academic Examinations,05/02/2023,Academic Achievement,synthetic_v1
686a5cf8-6a3,OUTREACH PROGRAM CERTIFICATE. Institution of Engineers India conducted a Women Empowerment Workshop event. Volunteer: Meera Joshi. Role: Coordinator. The event was aimed at community welfare and social upliftment. Hours: 50. Date: 2025-01-11,,Women Empowerment Workshop,Institution of Engineers India,Women Empowerment Workshop,2025-01-11,Volunteer Activity,synthetic_v1
02df89b1-178,This certificate is proudly presented to Ganesh Menon for achieving Rank 1 in the university examinations conducted by Indian Institute of Technology Madras. The student has exhibited remarkable dedication to academic pursuits and intellectual growth. 17-07-2025,,Academic Achievement Certificate,Indian Institute of Technology Madras,Academic Examinations,17-07-2025,Academic Achievement,synthetic_v1
25d7c82d-d3a,CODING COMPETITION CERTIFICATE. Debugging Challenge organized by Amazon. Participant: Amanda Nair. Problems solved: 5 out of 6. Rank: 51 out of 4476 participants. Date: 16 July 2022. Achievement: Winner,,Debugging Challenge,Amazon,Debugging Challenge,16 July 2022,Technical Competition,synthetic_v1
d8020cae-1ac,"This certificate is awarded to Rohan Rao for successfully participating in the DevPost Hackathon organized by Amazon. The hackathon was held on May 07, 2024 and lasted 24 hours. The participant demonstrated innovative problem-solving and coding skills. Position: Second Place. Certificate ID: CRT-72046BF",,DevPost Hackathon,Amazon,DevPost Hackathon,"May 07, 2024",Hackathon,synthetic_v1
2bf80218-7ef,WORK5HOP COMPLETION CERTIFICATE. Apache Software Foundation certifies that Meera Davis has cmpleted the 1 week hands-on workshop on  Data Structures and Algorithms. The participant demonstrated practical understanding and completed all assigned exercises. Issued on 10 February 2022.,,Workshop on Data Structures and Algorithms,Apache Software Foundation,Workshop: Data Structures and Algorithms,10 February 2022,Workshop,synthetic_v1
706c1e3c-c71,UNIVERSITY SPORTS CERTIFICATE. Anna University awards this certificate to Riya Wilson for representing the institution in Carrom at the University Sports Meet. The athlete showed remarkable performance and competitive spirit. Result: Runner Up. Event Date: 2024-10-02. Player ID: CERT/4928TBF,,Carrom - University Sports Meet,Anna University,University Sports Meet,2024-10-02,Sports,synthetic_v1
82ddbf36-cab,PROFESSIONAL CERTIFICATION. Infosys hereby certifies that Keerthana Sharma has earned the HashiCorp Terraform Associate credential. Examination Score: 863/1000. Certification Date: 18 March 2021. Validation Code: REF17199MD. Verify at infosys.com/verify,,HashiCorp Terraform Associate,Infosys,Certification Examination,18 March 2021,Certification,synthetic_v1
bc17f2ee-af7,INTER-COLLEGE TECHNICAL COMPETITION. TCS CodeVita. Certificate awarded to Daniel Williams from Anna University for participating in the competition hosted by ACM Student Chapter. Event type: Technical. Category: Programming. Level: College/University. Result: Excellence Award. Date: 20/10/2024,,TCS CodeVita,ACM Student Chapter,TCS CodeVita,20/10/2024,Technical Competition,synthetic_v1
5c40473b-613,INTER-COLLEGE TECHNICAL COMPETITION. AI Innovation Challenge. Certificate awarded to Nithya Verma from IIIT Hyderabad for participating in the competition hosted by BITS Pilani. Event type: Technical. Category: Programming. Level: College/University. Result: Best Innovation. Date: 2025-06-27,,AI Innovation Challenge,BITS Pilani,AI Innovation Challenge,2025-06-27,Technical Competition,synthetic_v1
3b7d49b0-c9e,"We certify that Suresh Brown participated in HackerEarth Challenge conducted by BITS Pilani. This was a 3 days competitive coding and innovation challenge where participants built solutions from scratch. The event promoted creativity, teamwork, and rapid development. Position secured: Best Performance. Date: 2021-07-30. ID: ID/34697YT",,HackerEarth Challenge,BITS Pilani,HackerEarth Challenge,2021-07-30,Hackathon,synthetic_v1
3091ede8-3f4,GUEST LECTURE CERTIFICATE. Hari Banerjee attended the guest lecture on DevOps delivered by Karthik Davis at Mozilla Developer Network on 2026-07-04. The lecture covered foundational concepts and state-of-the-art developments. Organized by the Department of Computer Science.,,Seminar on DevOps,Mozilla Developer Network,Seminar: DevOps,2026-07-04,Seminar,synthetic_v1
0fb1b24d-2d8,OUTREACH PROGRAM CERTIFICATE. Lions Club conducted a Child Education Initiative event. Volunteer: Jessica Johnson. Role: Field Worker. The event was aimed at community welfare and social upliftment. Hours: 67. Date: 17 February 2025,,Child Education Initiative,Lions Club,Child Education Initiative,17 February 2025,Volunteer Activity,synthetic_v1
d6457f33-389,GUEST LECTURE CERTIFICATE. Jennifer Joshi attended the guest lecture on Docker Containerization delivered by James Wilson at Kumaraguru College of Technology on 2024-09-30. The lecture covered foundational concepts and state-of-the-art developments. Organized by the Department of Computer Science.,,Seminar on Docker Containerization,Kumaraguru College of Technology,Seminar: Docker Containerization,2024-09-30,Seminar,synthetic_v1
2080bc69-156,Certificate of Achievement in Sports. Player: Ananya Johnson. Sport: Long Jump. Event: State Level Championship. Venue: Manipal Institute of Technology. Date: 01-12-2025. Category: Team. Level: Inter-College. Result: First Place. Signed by: Sports Director.,,Long Jump - State Level Championship,Manipal Institute of Technology,State Level Championship,01-12-2025,Sports,synthetic_v1
0227d9d7-502,Certificate of Internship. SAP Labs hereby certifies that Kavitha Rao served as a Cloud Engineering Intern from the period of 7 weeks. The intern contributed to the development team and successfully delivered assigned project milestones. Performance rating: Excellent. Issued on 06/06/2023.,,Cloud Engineering Intern - SAP Labs,SAP Labs,Internship,06/06/2023,Internship,synthetic_v1
aa1f7c85-c6c,"INTER-COLLEGE CULTURAL FEST CERTIFICATE. College Fest organized by BITS Pilani. This certificate recognizes Karthik Pillai for participation in Singing Competition. The festival celebrated diversity in arts, culture, and creative expression. Result: Third Place. Event Date: 19-03-2025",,Singing Competition - College Fest,BITS Pilani,College Fest,19-03-2025,Cultural Activity,synthetic_v1
c46d9f03-e88,"NATIONAL SEMINAR CERTIFICATE. Google Developer Groups organized a National Level Seminar on Computer Vision on June 30, 2021. This certificate is issued to Vikram Davis for attending all sessions of the seminar. Eminent speakers from academia and industry shared their expertise. Chief Guest: Ashwin Srinivasan.",,Seminar on Computer Vision,Google Developer Groups,Seminar: Computer Vision,"June 30, 2021",Seminar,synthetic_v1
0406d379-84c,"We certify that Alex Johnson participated in HackerEarth Challenge conducted by TCS. This was a 48 hours competitive coding and innovation challenge where participants built solutions from scratch. The event promoted creativity, teamwork, and rapid development. Position secured: Best Innovation. Date: 30-04-2020. ID: ID-58288EW",,HackerEarth Challenge,TCS,HackerEarth Challenge,30-04-2020,Hackathon,synthetic_v1
ee3f3bbe-c5f,"Certificate of Participation. This certifies that Tanvi Kumar participated in the Conference on Advances in Computer Vision organized by College of Engineering Guindy held on 2025-06-18. The conference featured paper presentations, keynote addresses, and panel discussions on emerging technologies. Certificate No: NO-41843G",,Conference on Advances in Computer Vision,College of Engineering Guindy,Conference on Advances in Computer Vision,2025-06-18,Conference,synthetic_v1
4237ca07-cb8,"This certificate recognizes Deepak Pillai for excellence in Infosys HackWithInfy organized by AWS Community on 19/08/2025. The competition involved multiple rounds of technical challenges including coding, debugging, and system design. Final standing: Special Mention. Certificate ID: NO-66133IBZ",,Infosys HackWithInfy,AWS Community,Infosys HackWithInfy,19/08/2025,Technical Competition,synthetic_v1
070fe9dc-05e,"SYMPOSIUM PARTICIPATION CERTIFICATE. International Symposium on Internet of Things. Organized by BITS Pilani. Date: August 26, 2020. This certificate acknowledges the participation of Kavitha Joshi in the national symposium. The event included invited talks, panel discussions, and poster presentations on recent developments.",,International Symposium on Internet of Things,BITS Pilani,International Symposium on Internet of Things,"August 26, 2020",Conference,synthetic_v1
041b0cce-69f,"We certify that Keerthana Agarwal participated in Innovation Challenge conducted by AWS Community. This was a 24 hours competitive coding and innovation challenge where participants built solutions from scratch. The event promoted creativity, teamwork, and rapid development. Position secured: Participant. Date: July 15, 2023. ID: REF/23364A",,Innovation Challenge,AWS Community,Innovation Challenge,"July 15, 2023",Hackathon,synthetic_v1
bd8a5e18-77f,"SHORT TERM TRAINING PROGRAM. College of Engineering Guindy certifies that Keerthana Rao has completed the Short Term Training Program on Flutter Development. Duration: 2 days. The program included expert lectures, lab sessions, and mini-project development. Attendance: 100%. Issued: 25 May 2021. Ref: ID/79606LGW",,Workshop on Flutter Development,College of Engineering Guindy,Workshop: Flutter Development,25 May 2021,Workshop,synthetic_v1
339f3db1-9c7,"Certificate of Achievement in Sp0rts. Player: Rajesh Jobnson. Sport: Marathon. Event: Annual thletlc Meet. Venue: IIIT Hyderabad. Date: Marc 15, 2022. Category: Individual. Level: Inter-College. Result: First Place. Signed by: Sports Director.",,Marathon - Annual Athletic Meet,IIIT Hyderabad,Annual Athletic Meet,"March 15, 2022",Sports,synthetic_v1
3cc7f852-0bc,"HACKATHON WINNER CERTIFICATE. This is to certify that Venkat Rao secured Runner Up at SIH Grand Finale organized by HCL Technologies on September 16, 2025. The 24 hours intensive competition tested skills in problem analysis, solution design, coding, and presentation. Prize category: Best Technical Implementation.",,SIH Grand Finale,HCL Technologies,SIH Grand Finale,"September 16, 2025",Hackathon,synthetic_v1
08829ad5-721,SOCIAL SERVICE CERTIFICATE. Awarded to Daniel Jones for participating in the Cleanliness Drive conducted by Indian Society for Technical Education on 08 February 2023. The volunteer actively participated in planning and execution. This certificate acknowledges the spirit of social responsibility. Hours: 147.,,Cleanliness Drive,Indian Society for Technical Education,Cleanliness Drive,08 February 2023,Volunteer Activity,synthetic_v1
8829fd47-c40,"GUEST LECTURE CERTIFICATE. Rohan Jones attcnded the guest lecture on Machine Learning delivered by Sorah Brown at Apache Software Foundation on March 22, 2022. The lecture c overed foundational concep tsand state-of-the-art developments. Organized by the Department of Computer Science.",,Seminar on Machine Learning,Apache Software Foundation,Seminar: Machine Learning,"March 22, 2022",Seminar,synthetic_v1
8e33568b-144,CONTINUING EDUCATION CERTIFICATE. Nicole Menon has earned 48 Professi0nal Development Units by completing the Salesforce Administrator program at Adobe. Areas covered inc1ude theoretical f ou ndations andpractical applications. Date: 19/04/202,,Salesforce Administrator,Adobe,Certification Examination,19/04/2024,Certification,synthetic_v1
b0be54ac-0d2,ACADEMIC CONFERENCE CERTIFICATE. National Conference on Information Technology hosted by ACM Student Chapter. Participant: Anjali Singh. Role: Attendee. Date: 28 May 2020. The conference brought together researchers and practitioners from across the country to discuss advances in technology.,,National Conference on Information Technology,ACM Student Chapter,National Conference on Information Technology,28 May 2020,Conference,synthetic_v1
8a981037-6ed,VERIFIED CERTIFICATE. This is to confirm that Shreya Martinez has passed the Google Cloud Associate Engineer examination and is certified by Amazon. The certification validates expertise in the relevant domain and demonstrates commitment to professional development. Issue Date: 20 August 2023,,Google Cloud Associate Engineer,Amazon,Certification Examination,20 August 2023,Certification,synthetic_v1
d95dcc24-3ea,"This certificate is awarded to William Bhat for achieving the Best Outgoing Student Award from the Department of Information Technology, BITS Pilani. The student has shown outstanding performance in academics, research, and extracurricular activities throughout their program. Dated: December 27, 2025",,Academic Achievement Certificate,BITS Pilani,Academic Examinations,"December 27, 2025",Academic Achievement,synthetic_v1
ee634679-f45,TECHNICAL WORKSHOP CERTIFICATE. Kavitha Garcia successfully participated in the Flutter Development bootcamp organized by Loyola College Chennai. The 5 days intensive training included project-based learning and assessment. Final project submitted and evaluated. Score: 72/100. Date: 19/10/2024,,Workshop on Flutter Development,Loyola College Chennai,Workshop: Flutter Development,19/10/2024,Workshop,synthetic_v1
4530e65d-e1c,"HACKATHON CERTIFICATE. AngelHack. Anna University certifies that Jennifer Johnson participated in the 48 hours hackathon challenge and developed a working prototype addressing the problem statement. Theme: Smart City. Date: October 25, 2025. Achievement: Runner Up",,AngelHack,Anna University,AngelHack,"October 25, 2025",Hackathon,synthetic_v1
77f0e483-0a1,COMMUNIT SERVICE CERTIFICATE. Naveen Wilson ls recognized for selfless vo lunteer service during the Women Empowerment Workshop organized by NSS Unit. The event served 500 beneficiaris. Duration of service: 132 hours. Date: 14 June 2021. Commendation: Exemplary service.,,Women Empowerment Workshop,NSS Unit,Women Empowerment Workshop,14 June 2021,Volunteer Activity,synthetic_v1
26030495-eea,VOLUNTEER SERVICE CERTIFICATE. This is to certify that William Garcia volunteered for the Health Awareness Camp organized by Lions Club. The volunteer contributed 166 hours of service. Date: 25 September 2022. The volunteer demonstrated exceptional commitment to community service. Certificate ID: DOC56866D,,Health Awareness Camp,Lions Club,Health Awareness Camp,25 September 2022,Volunteer Activity,synthetic_v1
54b2245d-b56,INTERNATIONAL CONFERENCE CERTIFICATE. International Conference on Machine Learning and Applications. We certify that Karthik Kumar attended the international conference organized by Loyola College Chennai. The conference was held on 03 April 2025 with participation from researchers across the globe. Theme: Innovations in Computing.,,International Conference on Machine Learning and Applications,Loyola College Chennai,International Conference on Machine Learning and Applications,03 April 2025,Conference,synthetic_v1
41b36402-cf4,Certificate of Paper Presentation. Sanjay Wilson presented research work on the topic of Database Management at National Conference on Information Technology organized by Bharathiar University. The presentation was well received by the academic community. Conference Date: 16 January 2022. Session: Technical Track 5.,,National Conference on Information Technology,Bharathiar University,National Conference on Information Technology,16 January 2022,Conference,synthetic_v1
d94b8ecf-117,Certificate of Publication. Emily Iyer has published a research paper in the proceedings of IEEE International Conference on Computing and Communication organized by Anna University. Paper title: 'A Study on Full Stack Development using Machine Learning Approaches'. Published on: 30/04/2026. DOI: 10.4420/doc/41545,,IEEE International Conference on Computing and Communication,Anna University,IEEE International Conference on Computing and Communication,30/04/2026,Conference,synthetic_v1
43aa3444-41b,"SHORT TERM TRAINING PROGRAM. AWS Community certifies that Deepak Banerjee has completed the Short Term Training Program on Flutter Development. Duration: 1 day. The program included expert lectures, lab sessions, and mini-project development. Attendance: 100%. Issued: 2025-08-02. Ref: ID-66234",,Workshop on Flutter Development,AWS Community,Workshop: Flutter Development,2025-08-02,Workshop,synthetic_v1
f612d1c0-391,"This certificate is presented to Sarah Nair for participation in Athletics at the South Zone Tournament conducted by National Institute of Technology Trichy. The student demonstrated dedication and skill throughout the tournament. Level: National. Position: Participant. February 11, 2020",,Athletics - South Zone Tournament,National Institute of Technology Trichy,South Zone Tournament,"February 11, 2020",Sports,synthetic_v1
878428a8-496,Certificate of Sports Participation. Sarah Kumar represented their department in Marathon at the Inter-Department Sports Day hosted by PSG College of Technology on 2020-01-26. The player demonstrated excellent sportsmanship and athletic skills. Achievement: Participant.,,Marathon - Inter-Department Sports Day,PSG College of Technology,Inter-Department Sports Day,2020-01-26,Sports,synthetic_v1
0d83a541-090,Certificate of Paper Presentation. Rajesh Verma presented research work on the topic of Full Stack Development at National Symposium on Data Science organized by Microsoft Learn Student Ambassadors. The presentation was well received by the academic community. Conference Date: 17/03/2023. Session: Technical Track 2.,,National Symposium on Data Science,Microsoft Learn Student Ambassadors,National Symposium on Data Science,17/03/2023,Conference,synthetic_v1
73db89d9-cdd,OUTREACH PROGRAM CERTIFICATE. Leo Club conducted a Swachh Bharat Mission event. Volunteer: Daniel Srinivasan. Role: Volunteer. The event was aimed at community welfare and social upliftment. Hours: 22. Date: 25/11/2024,,Swachh Bharat Mission,Leo Club,Swachh Bharat Mission,25/11/2024,Volunteer Activity,synthetic_v1
0cd0c824-f6e,This certifies that Lakshmi Banerjee has successfully completed the CompTIA Security+ certification program offered by Udacity. The candidate has demonstrated proficiency in all required domains and passed the certification examination. Certificate ID: NO/14829RS. Date of certification: 05/04/2026. This credential is valid for 3 years.,,CompTIA Security+,Udacity,Certification Examination,05/04/2026,Certification,synthetic_v1
41b1390a-ec1,"CULTURAL ACTIVITY CERTIFICATE. This is to certify that Naveen Martinez participated in Mimicry Show at Antaragni organized by Amrita Vishwa Vidyapeetham. The student demonstrated exceptional artistic talent and creativity. Position: Participant. Date: November 23, 2022. Certificate ID: CERT/20533OW",,Mimicry Show - Antaragni,Amrita Vishwa Vidyapeetham,Antaragni,"November 23, 2022",Cultural Activity,synthetic_v1
8806fdf4-5bf,INTER-COLLEGE TECHNICAL COMPETITION. Project Expo. Certificate awarded to Lakshmi Nair from Loyola College Chennai for participating in the competition hosted by National Institute of Technology Trichy. Event type: Technical. Category: Programming. Level: College/University. Result: Second Place. Date: 20/06/2022,,Project Expo,National Institute of Technology Trichy,Project Expo,20/06/2022,Technical Competition,synthetic_v1
f2d23d7d-b1f,"This certificate is awarded to Naveen Davis for successful completion of the DevOps Intern internship program at Freshworks. The intern worked for 1 days and gained hands-on experience in software engineering, agile development, and deployment processes. The work was of high quality and met professional standards. Signed by the Engineering Director. August 22, 2025",,DevOps Intern - Freshworks,Freshworks,Internship,"August 22, 2025",Internship,synthetic_v1
6f01a900-224,Certificate of Attendance. National Institute of Technology Trichy conducted a workshop on Mobile App Development on 30/03/2025. This certificate confirms that Hari Williams attended all sessions spanning 1 week. The workshop provided comprehensive training in both theoretical foundations and practical applications.,,Workshop on Mobile App Development,National Institute of Technology Trichy,Workshop: Mobile App Development,30/03/2025,Workshop,synthetic_v1
51eb68d8-309,"INTERNSHIP COMPLETION CERTIFICATE. This is to certify tbat Emily Williams has successfully completed an internship at JPMorgan Chase as a Cloud Engineering Intern. Duration: 2months. During te internship, the candidate wonked on real-world projects and demonstrated strong technical skills and professional conduct. Date: 10/10/2025. HR Reference: CERT-84633AJ",,Cloud Engineering Intern - JPMorgan Chase,JPMorgan Chase,Internship,10/10/2025,Internship,synthetic_v1
3924545b-23f,"This document certifies that Jennifer Jones has met all requirements for the Scrum Master Certified credential as administered by Accenture. The certification process included written examination, practical assessment, and project submission. Certified on January 12, 2024. ID: CERT/77269TFA",,Scrum Master Certified,Accenture,Certification Examination,"January 12, 2024",Certification,synthetic_v1
51e40a70-d15,Certificate of Paper Presentation. Manoj Sharma presented research work on the topic of React.js at Conference on Advances in Computer Vision organized by Manipal Institute of Technology. The presentation was well received by the academic community. Conference Date: 06-01-2023. Session: Technical Track 5.,,Conference on Advances in Computer Vision,Manipal Institute of Technology,Conference on Advances in Computer Vision,06-01-2023,Conference,synthetic_v1
d9a0ae56-d9f,"PROFESSIONAL CERTIFICATION. LTI hereby certifies that Manoj Martinez has earned the Google Data Analytics Professional credential. Examination Score: 860/1000. Certification Date: October 11, 2021. Validation Code: CERT-81945D. Verify at lti.com/verify",,Google Data Analytics Professional,LTI,Certification Examination,"October 11, 2021",Certification,synthetic_v1
ff418533-3ec,"Naveen Williams is hereby awarded this certificate for participation in National Coding Championship conducted by Amrita Vishwa Vidyapeetham. The contest challenged participants with complex algorithmic problems requiring efficient solutions within time constraints. Standing: Special Mention. Contest Date: April 27, 2020",,National Coding Championship,Amrita Vishwa Vidyapeetham,National Coding Championship,"April 27, 2020",Technical Competition,synthetic_v1
86f7ec95-659,PROFESSIONAL CERTIFICATION. KPMG hereby certifies that Jessica Bhat has earned the ITIL Foundation credential. Examination Score: 785/1000. Certification Date: 06 October 2020. Validation Code: REF-37587E. Verify at kpmg.com/verify,,ITIL Foundation,KPMG,Certification Examination,06 October 2020,Certification,synthetic_v1
5d2acd5b-b15,Certificate of Achievement. Jennifer Miller and team are recognized for their participation in SIH Grand Finale. Organized by Microsoft on 11/10/2023. Duration: 36 hours. The team built an innovative solution using modern technology stack. Standing: Participant. Team Size: 5 members.,,SIH Grand Finale,Microsoft,SIH Grand Finale,11/10/2023,Hackathon,synthetic_v1
c59564dd-174,"This certificate recognizes Michael Agarwal for excellence in Infosys HackWithInfy organized by BITS Pilani on 2021-04-04. The competition involved multiple rounds of technical challenges including coding, debugging, and system design. Final standing: Participant. Certificate ID: CRT/61747XY",,Infosys HackWithInfy,BITS Pilani,Infosys HackWithInfy,2021-04-04,Technical Competition,synthetic_v1
854f94b2-7ca,"Certificate of Achievement. Kumaraguru College of Technology recognizes Madhavi Miller for outstanding performance in the final year research project titled 'Machine Learning Applications in Healthcare'. Grade: Outstanding. Supervisor commendation received. Date: December 15, 2026. Project ID: CERT-51868OWN",,Academic Achievement Certificate,Kumaraguru College of Technology,Academic Examinations,"December 15, 2026",Academic Achievement,synthetic_v1
843f2479-90c,"Certificate of Achievement in Sports. Player: Christopher Rao. Sport: Shot Put. Event: Zonal Level Competition. Venue: PSG College of Technology. Date: February 12, 2023. Category: Individual. Level: Inter-College. Result: Third Place. Signed by: Sports Director.",,Shot Put - Zonal Level Competition,PSG College of Technology,Zonal Level Competition,"February 12, 2023",Sports,synthetic_v1
d4670d3c-50e,Certificate of Participation. Madhavi Pillai participated in the Drama Performance during Techofes held at Amrita Vishwa Vidyapeetham on 25 August 2024. The event showcased the artistic abilities and cultural talents of students from various departments. Achievement: First Place.,,Drama Performance - Techofes,Amrita Vishwa Vidyapeetham,Techofes,25 August 2024,Cultural Activity,synthetic_v1
9c95bad1-186,NATIONAL LEVEL HACKATHON CERTIFICATE. Flipkart Grid organized by Microsoft. This certificate is proudly presented to Michael Reddy for outstanding coding performance and innovative thinking during the 24 hours hackathon competition. The participant worked on real-world challenges and presented a functional solution. Excellence Award. Date: 2025-10-20,,Flipkart Grid,Microsoft,Flipkart Grid,2025-10-20,Hackathon,synthetic_v1
fcd24a3c-a9d,Certificate of Attendance. This is to certify that Jessica Iyer attended the seminar on 'Generative AI' organized by Kumaraguru College of Technology on 2024-07-23. The seminar was delivered by Karthik Nair and covered recent advancements and future directions in the field. Certificate ID: ID35983DK,,Seminar on Generative AI,Kumaraguru College of Technology,Seminar: Generative AI,2024-07-23,Seminar,synthetic_v1
93411fa7-209,Harini Kumar is hereby awarded this certificate for participation in LeetCode Weekly Contest conducted by PSG College of Technology. The contest challenged participants with complex algorithmic problems requiring efficient solutions within time constraints. Standing: Participant. Contest Date: 2020-11-11,,LeetCode Weekly Contest,PSG College of Technology,LeetCode Weekly Contest,2020-11-11,Technical Competition,synthetic_v1
5d4eaf41-4f5,"Certificate of Participation. Rajesh Rodriguez participated in the Elocution Contest during Inter-College Cultural Meet held at Anna University on November 06, 2026. The event showcased the artistic abilities and cultural talents of students from various departments. Achievement: Third Place.",,Elocution Contest - Inter-College Cultural Meet,Anna University,Inter-College Cultural Meet,"November 06, 2026",Cultural Activity,synthetic_v1
ce58f3d0-04a,CODING COMPETITION CERTIFICATE. AI Innovation Challenge organized by Amrita Vishwa Vidyapeetham. Participant: Anjali Joshi. Problems solved: 6 out of 6. Rank: 257 out of 869 participants. Date: 28 April 2025. Achievement: Special Mention,,AI Innovation Challenge,Amrita Vishwa Vidyapeetham,AI Innovation Challenge,28 April 2025,Technical Competition,synthetic_v1
28965a00-227,Certificate of Paper Presentation. Swathi Davis presented research work on the topic of Agile Methodologies at National Conference on Cyber Security organized by Manipal Institute of Technology. The presentation was well received by the academic community. Conference Date: 21/04/2023. Session: Technical Track 4.,,National Conference on Cyber Security,Manipal Institute of Technology,National Conference on Cyber Security,21/04/2023,Conference,synthetic_v1
6cf4fbd4-ecc,"Milan. IIIT Hyderabad. Certificate of Achievement. Awarded to Sanjay Miller for participation in Cooking Competition. The cultural event brought together talented performers and artists from across the institution. Standing: First Place. Date: August 21, 2025",,Cooking Competition - Milan,IIIT Hyderabad,Milan,"August 21, 2025",Cultural Activity,synthetic_v1
a82e9ca9-29a,Certificate of Participation. This is to certify that Matthew Chatterjee has successfully participated in the workshop on Data Science organized by Kongu Engineering College. Duration: 1 day. The workshop covered theoretical concepts and hands-on exercises. Date: 28/07/2023. Certificate ID: DOC31003YAU,,Workshop on Data Science,Kongu Engineering College,Workshop: Data Science,28/07/2023,Workshop,synthetic_v1
8ca25723-015,Certificate of Participation. Deepak Jones participated in the Literary Festival during Riviera held at BITS Pilani on 13/09/2023. The event showcased the artistic abilities and cultural talents of students from various departments. Achievement: Participant.,,Literary Festival - Riviera,BITS Pilani,Riviera,13/09/2023,Cultural Activity,synthetic_v1
9e01a208-f31,"TO WHOM IT MAY CONCERN. This is to certify that Arjun Wilson was employed os a Software Development Intern at Infosys for a duration of 3 days. The intern demonstrated eompetence in software development practices, collaborative teamwork, and technical prob1em-solving. We wi sh  them success in future endeavors. Date: 01-12-2023. Employee ID:  CERT-92197J",,Software Development Intern - Infosys,Infosys,Internship,01-12-2023,Internship,synthetic_v1
3d69751b-15e,ACADEMIC CONFERENCE CERTIFICATE. National Conference on Software Systems hosted by Amrita Vishwa Vidyapeetham. Participant: Jennifer Das. Role: Poster Presenter. Date: 02 April 2024. The conference brought together researchers and practitioners from across the country to discuss advances in technology.,,National Conference on Software Systems,Amrita Vishwa Vidyapeetham,National Conference on Software Systems,02 April 2024,Conference,synthetic_v1
abafd39c-7f7,"ATHLETIC ACHIEVEMENT CERTIFICATE. Amrita Vishwa Vidyapeetham Sports Committee certifies that Emily Miller participated in the Hockey competition during the Inter-Department Sports Day on 03/03/2024. The event promoted physical fitness, teamwork, and healthy competition among students. Standing: Participant.",,Hockey - Inter-Department Sports Day,Amrita Vishwa Vidyapeetham,Inter-Department Sports Day,03/03/2024,Sports,synthetic_v1
b12671bf-30a,"NATIONAL LEVEL TECHNICAL CONTEST. Circuit Design Competition. This certifies that Shalini Menon represented their institution at the national level competition organized by Anna University. The event tested algorithmic thinking, coding speed, and accuracy. Result: Participant. November 05, 2023",,Circuit Design Competition,Anna University,Circuit Design Competition,"November 05, 2023",Technical Competition,synthetic_v1
3bc3987f-0d7,"Coursera Learning Platform. CERTIFICATE OF ACHIEVEMENT. This certificate is awarded to Arjun Johnson for completing the AWS Certified Cloud Practitioner Professional Certificate program. The learner has completed all required courses, hands-on labs, and assessments. Hours of learning: 42. Completed on: 18 January 2020",,AWS Certified Cloud Practitioner,Coursera,Certification Examination,18 January 2020,Certification,synthetic_v1
7ddec97e-82d,This certificate is presented to Jennifer Wilson in recognition of artistic contribution to Cooking Competition held during Inter-College Cultural Meet at Amrita Vishwa Vidyapeetham. The participant exhibited remarkable talent and stage presence. Judge remarks: Commendable performance. Date: 03/07/2026,,Cooking Competition - Inter-College Cultural Meet,Amrita Vishwa Vidyapeetham,Inter-College Cultural Meet,03/07/2026,Cultural Activity,synthetic_v1
7dfab3d6-8f0,"To Whom It May Concern. This is to certify that William Singh, a student of College of Engineering Guindy, has successfully completed the Honours Program in Data Science with a grade of A+. The student has demonstrated exceptional analytical and research capabilities. Issued on: 29 April 2024",,Academic Achievement Certificate,College of Engineering Guindy,Academic Examinations,29 April 2024,Academic Achievement,synthetic_v1
17208c68-15f,"LinkedIn Learning Learning Platform. CERTIFICATE OF ACHIEVEMENT. This certificate is awarded to Naveen Agarwal for completing he AWS Certified Cloud Practitioner Professional Certificate program. The learner has completed all required courses, hands-on labs, and assessments. Hours of learning: 63. Cornpl eted on: 07-07-2021",,AWS Certified Cloud Practitioner,LinkedIn Learning,Certification Examination,07-07-2021,Certification,synthetic_v1
6e0c59ca-1a7,SCHOLARSHIP CERTIFICATE. Arun Rodriguez has been awarded the Merit Scholarship for Academic Excellence by Bharathiar University for maintaining an outstanding academic record. The scholarship covers tuition and academic fees. Academic Year 2024-2025. Certificate No: CRT62797. Date: 01-04-2026,,Academic Achievement Certificate,Bharathiar University,Academic Examinations,01-04-2026,Academic Achievement,synthetic_v1
9ea4bb67-806,"TO WHOM IT MAY CONCERN. This is to certify that Rajesh Iyer was employed as a Research Intern at Zoho for a duration of 3 months. The intern demonstrated competence in software development practices, collaborative teamwork, and technical problem-solving. We wish them success in future endeavors. Date: 22-11-2024. Employee ID: REF-97424G",,Research Intern - Zoho,Zoho,Internship,22-11-2024,Internship,synthetic_v1
d1774f92-a3b,"Certificate of Participation. This is to certify that Michael Williams has successfully participated in the workshop on React.js organized by PSG College of Technology. Duration: 2 days. The workshop covered theoretical concepts and hands-on exercises. Date: July 12, 2024. Certificate ID: DOC/47303HSX",,Workshop on React.js,PSG College of Technology,Workshop: React.js,"July 12, 2024",Workshop,synthetic_v1
dab91d12-305,COMMUNITY SERVICE CERTIFICATE. Jessica Menon is recognized for selfless volunteer service during the Skill Development Camp organized by Red Cross Society. The event served 245 beneficiaries. Duration of service: 151 hours. Date: 07/03/2024. Commendation: Exemplary service.,,Skill Development Camp,Red Cross Society,Skill Development Camp,07/03/2024,Volunteer Activity,synthetic_v1
9e881052-67a,SCHOLARSHIP CERTIFICATE. Swathi Davis has been awarded the Merit Scholarship for Academic Excellence by National Institute of Technology Trichy for maintaining an outstanding academic record. The scholarship covers tuition and academic fees. Academic Year 2024-2025. Certificate No: NO76392. Date: 19 October 2020,,Academic Achievement Certificate,National Institute of Technology Trichy,Academic Examinations,19 October 2020,Academic Achievement,synthetic_v1
255b79d2-eca,Certificate of Participation. Sanjay Patel participated in the Elocution Contest during Festember held at Amrita Vishwa Vidyapeetham on 31/12/2020. The event showcased the artistic abilities and cultural talents of students from various departments. Achievement: Winner.,,Elocution Contest - Festember,Amrita Vishwa Vidyapeetham,Festember,31/12/2020,Cultural Activity,synthetic_v1
c93054fd-904,ACADEMIC CONFERENCE CERTIFICATE. ACM Conference on Software Engineering hosted by College of Engineering Guindy. Participant: Daniel Rao. Role: Session Chair. Date: 25 January 2025. The conference brought together researchers and practitioners from across the country to discuss advances in technology.,,ACM Conference on Software Engineering,College of Engineering Guindy,ACM Conference on Software Engineering,25 January 2025,Conference,synthetic_v1
c42532df-619,"Webinar Attendance Certificate. This certificate confirms that Swathi Nair attended the online seminar on Augmented Reality organized by Mozilla Developer Netw0rk. Date: February 02, 2026. Duration: 1 hour. The webinar featur ed interactive sessions and Q&A witb speaker Deepak Garcia.",,Seminar on Augmented Reality,Mozilla Developer Network,Seminar: Augmented Reality,"February 02, 2026",Seminar,synthetic_v1
528408f7-c17,This certificate is preented to Naveen Gupta for participation in Handball at the All India University Games conducted by BTS Pilani. The student demonstrated dedication and skill throughout the tounnament. Level: University. Position: Runner Up. 03/12/2020,,Handball - All India University Games,BITS Pilani,All India University Games,03/12/2020,Sports,synthetic_v1
1c7daa28-337,This certificate is awarded to Kavitha Srinivasan for successfully participating in  the Amazon HackOn organized byWipro. The hackathon was hel on 15 March 2022 and lasted 3 days. The participant demonstrated innovative problem-solving and coding skills. Position: Winner. Certificate ID: CRT/2414,,Amazon HackOn,Wipro,Amazon HackOn,15 March 2022,Hackathon,synthetic_v1
2ef3b6df-bda,TECHNICAL WORKSHOP CERTIFICATE. Mohan Das successfully participated in the Artificial Intelligence bootcamp organized by BITS Pilani. The 2 days intensive training included project-based learning and assessment. Final project submitted and evaluated. Score: 89/100. Date: 25/10/2025,,Workshop on Artificial Intelligence,BITS Pilani,Workshop: Artificial Intelligence,25/10/2025,Workshop,synthetic_v1
37e7db12-442,"ACADEMIC ACHIEVEMENT AWARD. Awarded to Alex Patel for securing the highest marks in the Department of Computer Science at Indian Institute of Technology Madras. This certificate is presented in recognition of academic excellence and scholarly dedication. Date of Issue: January 31, 2023. Ref: NO72482",,Academic Achievement Certificate,Indian Institute of Technology Madras,Academic Examinations,"January 31, 2023",Academic Achievement,synthetic_v1
cff01eee-09f,ACADEMIC CONFERENCE CERTIFICATE. National Conference on Information Technology hosted by College of Engineering Guindy. Participant: Alex Rao. Role: Attendee. Date: 30 October 2024. The conference brought together researchers and practitioners from across the country to discuss advances in technology.,,National Conference on Information Technology,College of Engineering Guindy,National Conference on Information Technology,30 October 2024,Conference,synthetic_v1
f25f4bc3-d99,Certificate of Merit. Vikram Johnson demonstrated exceptional technical prowess in Project Expo organized by Infosys. The contest featured challenging problems in computer science and software engineering. Achievement: Merit Award. Date of competition: 26-07-2025. Ref: CERT74115JZ,,Project Expo,Infosys,Project Expo,26-07-2025,Technical Competition,synthetic_v1
cfeb88cc-347,"TO WHOM IT MAY CONCERN. This is to certify that Nicole Sharma was employed as a Product Management Intern at Infosys for a duration of 6 months. The intern demonstrated competence in software development practices, collaborative teamwork, and technical problem-solving. We wish them success in future endeavors. Date: 2026-07-22. Employee ID: NO65920F",,Product Management Intern - Infosys,Infosys,Internship,2026-07-22,Internship,synthetic_v1
e28381af-475,"Certificate of Attendance. BITS Pilani conducted a workshop on Cloud Computing on April 17, 2023. This certificate confirms that Anjali Garcia attended all sessions spanning 5 days. The workshop provided comprehensive training in both theoretical foundations and practical applications.",,Workshop on Cloud Computing,BITS Pilani,Workshop: Cloud Computing,"April 17, 2023",Workshop,synthetic_v1
853cb140-601,"LETTER OF COMPLETION. Divya Chatterjee has completed the Web Development Intern program at Infosys. Duration: 1 weeks. Project: Cloud Migration Tool. Technologies used: Python, JavaScript, SQL, Cloud Services. Manager signature included. Date: 16 April 2022",,Web Development Intern - Infosys,Infosys,Internship,16 April 2022,Internship,synthetic_v1
776721a2-a99,ACADEMIC CONFERENCE CERTIFICATE. National Conference on Cyber Security hosted by Sri Krishna College of Technology. Participant: Sanjay Das. Role: Poster Presenter. Date: 14-09-2023. The conference brought together researchers and practitioners from across the country to discuss advances in technology.,,National Conference on Cyber Security,Sri Krishna College of Technology,National Conference on Cyber Security,14-09-2023,Conference,synthetic_v1
ffbc336e-63a,"CULTURAL ACTIVITY CERTIFICATE. This is to certify that Shreya Mukherjee participated in Dance Competition at Saarang organized by IIIT Hyderabad. The student demonstrated exceptional artistic talent and creativity. Position: Participant. Date: October 04, 2020. Certificate ID: CERT/44637FDJ",,Dance Competition - Saarang,IIIT Hyderabad,Saarang,"October 04, 2020",Cultural Activity,synthetic_v1
2a762b74-f77,CERTIFICATE OF ACADEMIC EXCELLENCE. Indian Institute of Technology Madras. This is to certify that Prasad Chatterjee has been awarded a Gold Medal for securing the highest aggregate marks in the B.Tech Computer Science and Engineering program. Convocation held on 06/02/2020. Registration No: REF/50345LF,,Academic Achievement Certificate,Indian Institute of Technology Madras,Academic Examinations,06/02/2020,Academic Achievement,synthetic_v1
1e36d18f-d6e,CERTIFICATE OF ACADEMIC EXCELLENCE. Kongu Engineering College. This is to certify that Rajesh Williams has been awarded a Gold Medal for securing the highest aggregate marks in the B.Tech Computer Science and Engineering program. Convocation held on 04/04/2024. Registration No: DOC74664DQ,,Academic Achievement Certificate,Kongu Engineering College,Academic Examinations,04/04/2024,Academic Achievement,synthetic_v1
c704e4ea-277,"SHORT TERM TRAINING PROGRAM. NASSCOM certifies that Naveen Patel has completed the Short Term Training Program on Node.js. Duration: 2 days. The program included expert lectures, lab sessions, and mini-project development. Attendance: 100%. Issued: 13 April 2024. Ref: CRT28647PX",,Workshop on Node.js,NASSCOM,Workshop: Node.js,13 April 2024,Workshop,synthetic_v1
ccd4fb46-0cc,VOLUNTEER SERVICE CERTIFICATE. This is to certify that Ganesh Williams volunteered for the Road Safety Awareness organized by Indian Society for Technical Education. The volunteer contributed 21 hours of service. Date: 03 December 2024. The volunteer demonstrated exceptional commitment to community service. Certificate ID: REF/71107,,Road Safety Awareness,Indian Society for Technical Education,Road Safety Awareness,03 December 2024,Volunteer Activity,synthetic_v1
75897f0f-17f,"We hereby certify that Riya Rao attended the workshop titled 'Flutter Development: From Theory to Practice' conducted by Bharathiar University on April 10, 2024. The workshop spanned 2 days and included lectures, demonstrations, and lab sessions. Certificate No: ID80723FB",,Workshop on Flutter Development,Bharathiar University,Workshop: Flutter Development,"April 10, 2024",Workshop,synthetic_v1
127d90e5-ab8,HACKATHON CERTIFICATE. Build for Bharat. TCS certifies that Jenn ife r Rodriguez participated in the 24 hours h ackathon callenge  and developed a wo rking prototype addressing theproblem state merit. Theme: Agriculture. Date: 2025-04-26. Achievement:Winner,,Build for Bharat,TCS,Build for Bharat,2025-04-26,Hackathon,synthetic_v1
f9a918fb-cbf,"LETTER OF COMPLETION. Alex Davis has completed the Product Management Intern program at HCL Technologies. Duration: 4 months. Project: Mobile Application. Technologies used: Python, JavaScript, SQL, Cloud Services. Manager signature included. Date: 08/08/2021",,Product Management Intern - HCL Technologies,HCL Technologies,Internship,08/08/2021,Internship,synthetic_v1
6a7e6690-bd8,This is to certify that Jessica Rodriguez has achieved outstanding academic performance and is awarded the Certificate of Academic Excellence by College of Engineering Guindy. Date: 17-01-2025. The student has demonstrated exceptional skills in coursework and examination. Certificate ID: CRT84579TN,,Academic Achievement Certificate,College of Engineering Guindy,Academic Examinations,17-01-2025,Academic Achievement,synthetic_v1
7c3b5964-852,"Certificate of Participation. This certifies that Lakshmi Jones participated in the International Symposium on Internet of Things organized by ACM Student Chapter held on 17-07-2024. The conference featured paper presentations, keynote addresses, and panel discussions on emerging technologies. Certificate No: ID54578",,International Symposium on Internet of Things,ACM Student Chapter,International Symposium on Internet of Things,17-07-2024,Conference,synthetic_v1
0ae72079-33f,"UNIVERSITY SPORTS CERTIFICATE. SRM Institute of Science and Technology awards this certificate to Varsha Nair for representing the institution in Table Tennis at the Inter-College Sports Tournament. The athlete showed remarkable performance and competitive spirit. Result: Runner Up. Event Date: March 30, 2025. Player ID: REF/66725B",,Table Tennis - Inter-College Sports Tournament,SRM Institute of Science and Technology,Inter-College Sports Tournament,"March 30, 2025",Sports,synthetic_v1
9e69681a-f49,"INTER-COLLEGE CULTURAL FEST CERTIFICATE. Spring Fest organized by Amrita Vishwa Vidyapeetham. This certificate recognizes Venkat Rodriguez for participation in Film Making Competition. The festival celebrated diversity in arts, culture, and creative expression. Result: Participant. Event Date: 02/07/2026",,Film Making Competition - Spring Fest,Amrita Vishwa Vidyapeetham,Spring Fest,02/07/2026,Cultural Activity,synthetic_v1
17d7a9a6-177,Certificate of Completi0n. Harini Banerjee has succesflly completed the Certified Kubernetes Administrator course on Zoho. Duration: 3 weeks. Modules completed: 11. Final assessment score: 84%. Issued: 2 February 2021. Certificate No: CERT/8928I,,Certified Kubernetes Administrator,Zoho,Certification Examination,24 February 2021,Certification,synthetic_v1
b27ececd-0c7,"TECHNICAL WORKSHOP CERTIFICATE. David Brown successful1y participat ed in the Arti ficial Intellience bootcamp oganized by PSG College of Te chnology. The 5 days intensive trainlng included projet-based learning and assessment. Final project submitted ad evaluated. Score: 89/100. Date: September 18, 2025",,Workshop on Artificial Intelligence,PSG College of Technology,Workshop: Artificial Intelligence,"September 18, 2025",Workshop,synthetic_v1
8eca13a8-c05,NSS/NCC CERTIFICATE. This certifies that Karthik Jones has actively participated in the COVID-19 Relief Work organized by Institution of Engineers India. The activity was part of the community outreach program aimed at social welfare. Service hours: 50. Date: 23/07/2024. Unit: ID67676,,COVID-19 Relief Work,Institution of Engineers India,COVID-19 Relief Work,23/07/2024,Volunteer Activity,synthetic_v1
da876fd1-04b,This certificate is awarded to Pooja Singh for attending the ACM Conference on Software Engineering held at Anna University on 23/05/2022. The conference covered cutting-edge research in computer science and engineering. Total papers presented: 103. Keynote sessions: 7. Certificate ID: NO2879OEX,,ACM Conference on Software Engineering,Anna University,ACM Conference on Software Engineering,23/05/2022,Conference,synthetic_v1
f12458a3-5e3,INTERNATIONAL CONFERENCE CERTIFICATE. IEEE International Conference on Computing and Communication. We certify that Rahul Menon attended the international conference organized by Anna University. The conference was held on 20 September 2022 with participation from researchers across the globe. Theme: Innovations in Computing.,,IEEE International Conference on Computing and Communication,Anna University,IEEE International Conference on Computing and Communication,20 September 2022,Conference,synthetic_v1
7cd47dba-d52,NATIONAL LEVEL HACKATHON CERTIFICATE. MLH Hackathon organized by Zoho. This certificate is proudly presented to Manoj Patel for outstanding coding performance and innovative thinking during the 36 hours hackathon competition. The participant worked on real-world challenges and presented a functional solution. Special Mention. Date: 21/10/2021,,MLH Hackathon,Zoho,MLH Hackathon,21/10/2021,Hackathon,synthetic_v1
0c7473ce-2d4,Webinar Attendance Certificate. This certificate confirms that Pooja Nair attended the online seminar on Database Management organized by IEEE Computer Society. Date: 01-09-2021. Duration: 1 hour. The webinar featured interactive sessions and Q&A with speaker Alex Rodriguez.,,Seminar on Database Management,IEEE Computer Society,Seminar: Database Management,01-09-2021,Seminar,synthetic_v1
d3b5ac5d-e9e,This certificate is presented to William Brown for attending the Faculty Development Programme and Workshop on Internet of Things held at Amrita Vishwa Vidyapeetham. The 2 days program covered latest trends and practical implementation strategies. Resource persons from industry and academia contributed. 2026-05-01,,Workshop on Internet of Things,Amrita Vishwa Vidyapeetham,Workshop: Internet of Things,2026-05-01,Workshop,synthetic_v1
ab57a800-d69,"This certificate is awarded to Madhavi Sharma for successful completion of the Cloud Engineering Intern internship program at Intel. The intern worked for 1 days and gained hands-on experience in software engineering, agile development, and deployment processes. The work was of high quality and met professional standards. Signed by the Engineering Director. 23 March 2021",,Cloud Engineering Intern - Intel,Intel,Internship,23 March 2021,Internship,synthetic_v1
16c73a19-581,CODING COMPETITION CERTIFICATE. TCS CodeVita organized by TCS. Participant: Rahul Williams. Problems solved: 7 out of 7. Rank: 135 out of 866 participants. Date: 14-05-2020. Achievement: Third Place,,TCS CodeVita,TCS,TCS CodeVita,14-05-2020,Technical Competition,synthetic_v1
96afe8ef-f9f,HUMANITARIAN SERVICE CERTIFICATE. Hrini Brown contributed to the Disaster Relief Operations organized by National Service 5cheme. This certificate recognizes the volunteer's commitment t0 making a positive impact on society. Service period: 16 hours. Issued  on: 14-01-2020. Certificate No: NO73787VW,,Disaster Relief Operations,National Service Scheme,Disaster Relief Operations,14-01-2020,Volunteer Activity,synthetic_v1
d73dca25-2e5,ACADEMIC CONFERENCE CERTIFICATE. National Conference on Software Systems hosted by Kongu Engineering College. Participant: Arjun Menon. Role: Poster Presenter. Date: 30/03/2022. The conference brought together researchers and practitioners from across the country to discuss advances in technology.,,National Conference on Software Systems,Kongu Engineering College,National Conference on Software Systems,30/03/2022,Conference,synthetic_v1
0e67e51b-af0,This certifies that Ni cole Williams has successfully completed the Cisco Centified Network Associate certification program offered  by Coursera. The candidate has demonstrated proficiency iri all required domains and passed the certification examination. Certificte ID: REF-58761. Date of certification: 22 June 2025. This credential is valid for 3 years.,,Cisco Certified Network Associate,Coursera,Certification Examination,22 June 2025,Certification,synthetic_v1
a98607bf-147,"This certificate recognizes Varsha Reddy for excellence in Debugging Challenge organized by ACM Student Chapter on November 25, 2025. The competition involved multiple rounds of technical challenges including coding, debugging, and system design. Final standing: Third Place. Certificate ID: NO/11097S",,Debugging Challenge,ACM Student Chapter,Debugging Challenge,"November 25, 2025",Technical Competition,synthetic_v1
7fcc3330-cc4,"SHORT TERM TRAINING PROGRAM. College of Engineering Guindy certifies that Swathi Kumar has completed the Short Term Training Program on Big Data Analytics. Duration: 1 week. The program included expert lectures, lab sessions, and mini-project development. Attendance: 100%. Issued: 09/12/2024. Ref: CERT73805",,Workshop on Big Data Analytics,College of Engineering Guindy,Workshop: Big Data Analytics,09/12/2024,Workshop,synthetic_v1
4b12dd75-8f0,ACADEMIC ACHIEVEMENT AWARD. Awarded to Sarah Verma for securing the highest marks in the Department of Computer Science at Anna Univensity. This certiicate i presented in recognition of academic excellence and scholarly dedication. Date of Issue: 18-06-2024. Ref: CERT44713Z,,Academic Achievement Certificate,Anna University,Academic Examinations,18-06-2024,Academic Achievement,synthetic_v1
322ac81e-840,"INTERNSHIP COMPLETION CERTIFICATE. This is to certify that Akilesh Miller has successfully completed an internship at Infosys as a DevOps Intern. Duration: 2 days. During the internship, the candidate worked on real-world projects and demonstrated strong technical skills and professional conduct. Date: 18 October 2023. HR Reference: REF-74774VHM",,DevOps Intern - Infosys,Infosys,Internship,18 October 2023,Internship,synthetic_v1
4066b275-d85,"We hereby certify that Amanda Bhat ottended the worksh0p titled 'Full Stack Development: From Theory to Practice' conducted by Thiaarajar College of Engineering on 09-06-2023. The workshop spanned 5 days and included lectures, demonstrations, and lb sessions. Certificate No: CRT-93174A",,Workshop on Full Stack Development,Thiagarajar College of Engineering,Workshop: Full Stack Development,09-06-2023,Workshop,synthetic_v1
c596e726-185,This certificate is awarded to Riya Chatterjee for attending the International Symposium on Internet of Things held at SSN College of Engineering on 16-07-2021. The conference covered cutting-edge research in computer science and engineering. Total papers presented: 105. Keynote sessions: 6. Certificate ID: ID62050MO,,International Symposium on Internet of Things,SSN College of Engineering,International Symposium on Internet of Things,16-07-2021,Conference,synthetic_v1
1a5d2fd9-d65,"This certificate is awarded to Manoj Menon for successful completion of the Mobile App Development Intern internship program at Intel. The intern worked for 6 months and gained hands-on experience in software engineering, agile development, and deployment processes. The work was of high quality and met professional standards. Signed by the Engineering Director. 25/05/2025",,Mobile App Development Intern - Intel,Intel,Internship,25/05/2025,Internship,synthetic_v1
c7008a9c-d39,ACADEMIC CONFERENCE CERTIFICATE. Conference on Advances in Computer Vision hosted by College of Engineering Guindy. Participant: Sarah Nair. Role: Poster Presenter. Date: 29 May 2020. The conference brought together researchers and practitioners from across the country to discuss advances in technology.,,Conference on Advances in Computer Vision,College of Engineering Guindy,Conference on Advances in Computer Vision,29 May 2020,Conference,synthetic_v1
3dee737a-f32,Certificate of Merit. Indian Institute of Technology Madras hereby certifies that William Patel has secured First Class with Distinction in the semester examinations held during the academic year. The student is recognized for outstanding academic achievement. Issued on 16/07/2020.,,Academic Achievement Certificate,Indian Institute of Technology Madras,Academic Examinations,16/07/2020,Academic Achievement,synthetic_v1
fdd25ed5-790,SEMINAR ATTENDANE CERTIFICATE Amrita Vishwa Vidyapeetham certifies that ShaliniCatterjee attended the guest lecture and seminar on Ethical Hacking held on 05/11/2026. peaker: Swathi Das. Duration: 3 hours. Th e session provided insights into current trend s and  reseanch.,,Seminar on Ethical Hacking,Amrita Vishwa Vidyapeetham,Seminar: Ethical Hacking,05/11/2026,Seminar,synthetic_v1
9131a4e1-d20,"NATIONAL LEVEL TECHNICAL CONTEST. TopCoder Open. This certifies that Hari Chatterjee represented their institution at the national level competition organized by AWS Community. The event tested algorithmic thinking, coding speed, and accuracy. Result: Participant. 2023-08-03",,TopCoder Open,AWS Community,TopCoder Open,2023-08-03,Technical Competition,synthetic_v1
dcc8c486-73b,This certifies that Venkat Pillai attended the technical seminar titled 'Agile Methodologies: Current Trends and Future Prospects' conducted by National Institute of Technology Trichy. The seminar featured industry expert Riya Menon and covered topics of current relevance. Date: 02/05/2020,,Seminar on Agile Methodologies,National Institute of Technology Trichy,Seminar: Agile Methodologies,02/05/2020,Seminar,synthetic_v1
045883e0-eff,"This certificate recognizes Anany a Potel for excellence in Wipro Elite Challenge organized by Indian Institute of Technology Madras on 2023-03-04. Thc competition involved multiple rounds of technical cballenges inclding coding, debugging, nd system design. Fin al standing: Participa nt. Certificate ID:CERT20729WYK",,Wipro Elite Challenge,Indian Institute of Technology Madras,Wipro Elite Challenge,2023-03-04,Technical Competition,synthetic_v1
f724305b-04d,"CODING HACKATHON ACHIEVEMENT. Innovation Challenge. Certificate for Stephanie Rao. Organized at Zoho on March 03, 2021. Challenge type: Build and deploy a working application in 36 hours. Technologies used: Python, JavaScript, APIs, Cloud. Result: First Place. Judge panel commendation received.",,Innovation Challenge,Zoho,Innovation Challenge,"March 03, 2021",Hackathon,synthetic_v1
81175dab-ef3,Keerthana Davis is hereby awarded this certificate for participation in ACM ICPC conducted by TCS. The contest challenged participants with complex algorithmic problems requiring efficient solutions within time constraints. Standing: Third Place. Contest Date: 22-02-2022,,ACM ICPC,TCS,ACM ICPC,22-02-2022,Technical Competition,synthetic_v1
ca8ad3f8-3f7,This certifies that Amanda Wilson attended the technical seminar titled 'Data Science: Current Trends and Future Prospects' conducted by Microsoft Learn Student Ambassadors. The seminar featured industry expert Akilesh Kumar and covered topics of current relevance. Date: 2023-11-15,,Seminar on Data Science,Microsoft Learn Student Ambassadors,Seminar: Data Science,2023-11-15,Seminar,synthetic_v1
f26c0e2d-014,CERTIFICATE OF ACADEMIC EXCELLENCE. Anna University. This is  to certify that Sarah R0driguez has been awarded a Gold Medal for securing the highest aggregate marks in the B.Tech Computr Science and Engincering program. Convocation held on 17/01/2021. Registration No: ID6577F,,Academic Achievement Certificate,Anna University,Academic Examinations,17/01/2021,Academic Achievement,synthetic_v1
0aeb2c39-2cb,This certifies that Christopher Jones has successfully completed the ITIL Foundation certification program offered by Google. The candidate has demonstrated proficiency in all required domains and passed the certification examination. Certificate ID: DOC/9855. Date of certification: 2021-05-16. This credential is valid for 3 years.,,ITIL Foundation,Google,Certification Examination,2021-05-16,Certification,synthetic_v1
fe99c1e3-50e,SCHOLARSHIP CERTIFICATE. Venkat Wilson has been awarded the Merit Scholarship for Academic Excellence by IIIT Hyderabad for maintaining an outstanding academic record. The scholarship covers tuition and academic fees. Academic Year 2024-2025. Certificate No: DOC/43372. Date: 2022-01-13,,Academic Achievement Certificate,IIIT Hyderabad,Academic Examinations,2022-01-13,Academic Achievement,synthetic_v1
1e0306ef-856,Certificate of Achievement. Nationa1 Institute of Technology Trichy recognizes Karthik Williams for outstanding performanccin the final yea r research project titled 'Machine Learning Applications in Healthcare'.  Grade: Outstanding. Supervisor commendation received. Date: 2020-01-22. Pro ject ID: REF25420WA,,Academic Achievement Certificate,National Institute of Technology Trichy,Academic Examinations,2020-01-22,Academic Achievement,synthetic_v1
96fb1d89-ddc,Antaragni. Amrita Vishwa Vidyapeetham. Certificate of Achievement. Awarded to Shalini Johnson for participation in Art Exhibition. The cultural event brought together talented performers and artists from across the institution. Standing: Third Place. Date: 06/03/2025,,Art Exhibition - Antaragni,Amrita Vishwa Vidyapeetham,Antaragni,06/03/2025,Cultural Activity,synthetic_v1
df110396-f67,"NATIONAL LEVEL TECHNICAL CONTEST. AI Innovation Challenge. This certifies that Daniel Singh represented their institution at the national level competition organized by Google Developer Groups. The event tested algorithmic thinking, coding speed, and accuracy. Result: Second Place. September 04, 2021",,AI Innovation Challenge,Google Developer Groups,AI Innovation Challenge,"September 04, 2021",Technical Competition,synthetic_v1
6a10b84a-0fe,Webinar Attendance Certificate. This certificate confirms that Naveen Kumar attended the online seminar on Web Development organized by GitHub Education. Date: 01 August 2021. Duration: 2 hours. The webinar featured interactive sessions and Q&A with speaker Rahul Brown.,,Seminar on Web Development,GitHub Education,Seminar: Web Development,01 August 2021,Seminar,synthetic_v1
74860ec3-4f9,ANNUAL SPORTS DAY CERTIFICATE. SRM Institute of Science and Technology. This certificate is awarded to Harini Patel for participating in Swimming during the Annual Sports Day held on 04-07-2024. The event promoted athletic excellence and team spirit among students. Achievement: Participant.,,Swimming - District Sports Festival,SRM Institute of Science and Technology,District Sports Festival,04-07-2024,Sports,synthetic_v1
44ed36fa-221,Certificate of Merit. Rajesh Johnson demonstrated exceptional technical prowess in Circuit Design Competition organized by ACM Student Chapter. The contest featured challenging problems in computer science and software engineering. Achievement: Best Performance. Date of competition: 04 May 2024. Ref: ID19871OXF,,Circuit Design Competition,ACM Student Chapter,Circuit Design Competition,04 May 2024,Technical Competition,synthetic_v1
f42bdb49-feb,"ATHLETIC ACHIEVEMENT CERTIFICATE. Anna University Sports Committee certifies that Daniel Mukherjee participated in the Athletics competition during the South Zone Tournament on 15 January 2021. The event promoted physical fitness, teamwork, and healthy competition among students. Standing: Participant.",,Athletics - South Zone Tournament,Anna University,South Zone Tournament,15 January 2021,Sports,synthetic_v1
5c7ce08f-629,"SHORT TERM TRAINING PROGRAM. IEEE Computer Society certifies that Sarah Verma has completed the Short Term Training Program on Blockchain. Duration: 2 days. The program included expert lectures, lab sessions, and mini-project development. Attendance: 100%. Issued: 28-03-2025. Ref: NO/82368",,Workshop on Blockchain,IEEE Computer Society,Workshop: Blockchain,28-03-2025,Workshop,synthetic_v1
dd926e22-7d7,Certificate of Participation. This is to certify that Ashley Sharma has successfully participated in the workshop on Natural Language Processing organized by BITS Pilani. Duration: 3 days. The workshop covered theoretical concepts and hands-on exercises. Date: 03 July 2022. Certificate ID: DOC/82350OUY,,Workshop on Natural Language Processing,BITS Pilani,Workshop: Natural Language Processing,03 July 2022,Workshop,synthetic_v1
4fcb6a98-392,Certificate of Achievement. Ashwin Kumar and team are recognized for their participation in Code for Good. Organized by Manipal Institute of Technology on 18 July 2023. Duration: 36 hours. The team built an innovative solution using modern technology stack. Standing: Participant. Team Size: 5 members.,,Code for Good,Manipal Institute of Technology,Code for Good,18 July 2023,Hackathon,synthetic_v1
57461e71-a0d,INTER-COLLEGE TECHNICAL COMPETITION. TCS CodeVita. Certificate awarded to Arun Jones from College of Engineering Guindy for participating in the competition hosted by Indian Institute of Technology Madras. Event type: Technical. Category: Programming. Level: College/University. Result: Excellence Award. Date: 19/11/2026,,TCS CodeVita,Indian Institute of Technology Madras,TCS CodeVita,19/11/2026,Technical Competition,synthetic_v1
18a8526e-8d7,"Certificate of Achievement. Amanda Banerjee and team are recognized for their participation in Smart India Hackathon. Organized by VIT University on February 03, 2025. Duration: 36 hours. The team built an innovative solution using modern technology stack. Standing: Third Place. Team Size: 4 members.",,Smart India Hackathon,VIT University,Smart India Hackathon,"February 03, 2025",Hackathon,synthetic_v1
bf11a320-8f0,GUEST LECTURE CERTIFICATE. Stephanie  Iyer attended the guest lecture ori Computer Vision dellvered by Prasa Miller at Indian Institute of Technology Madras on 08-01-2024. The lecture covered foundational concepts and state-of-the-art developments. Oranized by the Deartment of Computer Science.,,Seminar on Computer Vision,Indian Institute of Technology Madras,Seminar: Computer Vision,08-01-2024,Seminar,synthetic_v1
f11866ed-edd,PROFESSIONAL CERTIFICATION. I8M hereby certifies that Ramesh Rodriguez has earned the IT1L Foundation creden tial. Examinotion Score: 817/1000. Certification Date: 17/06/2022. Validation Code: CRT-95920XP. Vcrify at ibm.com/verify,,ITIL Foundation,IBM,Certification Examination,17/06/2022,Certification,synthetic_v1
eba9a1bd-1a4,Certificate of Merit. William Menon demonstrated exceptional technical prowess in Google Code Jam organized by Amrita Vishwa Vidyapeetham. The contest featured challenging problems in computer science and software engineering. Achievement: Best Innovation. Date of competition: 2024-06-28. Ref: NO/40656JN,,Google Code Jam,Amrita Vishwa Vidyapeetham,Google Code Jam,2024-06-28,Technical Competition,synthetic_v1
6d9eb9fa-312,Industrial Training Certificate. This certifies that Anjali Sharma has completed industrial training at Adobe in the capacity of Frontend Development Intern. Training duration: 1 weeks. The candidate demonstrated satisfactory performance and professional ethics. Grade: A. Issued: 27/07/2021. Reference: ID/58685CG,,Frontend Development Intern - Adobe,Adobe,Internship,27/07/2021,Internship,synthetic_v1
460f12b2-700,"This certificate is awarded to Mohan Bhat for attending the Conference on Natural Language Processing held at ACM Student Chapter on October 22, 2025. The conference covered cutting-edge research in computer science and engineering. Total papers presented: 134. Keynote sessions: 3. Certificate ID: REF58135WTN",,Conference on Natural Language Processing,ACM Student Chapter,Conference on Natural Language Processing,"October 22, 2025",Conference,synthetic_v1
6311abfc-af2,"Certificate of Publication. Rahul Rodriguez has published a research paper in the proceedings of International Conference on Machine Learning and Applications organized by Kongu Engineering College. Paper title: 'A Study on Computer Vision using Machine Learning Approaches'. Published on: May 30, 2021. DOI: 10.1422/cert/22942zox",,International Conference on Machine Learning and Applications,Kongu Engineering College,International Conference on Machine Learning and Applications,"May 30, 2021",Conference,synthetic_v1
aecbcd82-9bd,"We certify that Jennifer Williams participated in DevPost Hackathon conducted by Freshworks. This was a 48 hours competitive coding and innovation challenge where participants built solutions from scratch. The event promoted creativity, teamwork, and rapid development. Position secured: Third Place. Date: August 23, 2023. ID: ID/43951JCB",,DevPost Hackathon,Freshworks,DevPost Hackathon,"August 23, 2023",Hackathon,synthetic_v1
0126b6db-30e,"INTERNSHIP EXPERIENCE LETTER. PayPal. Tanvi Patel worked with us as a Web Development Intern for 10 weeks. Key responsibilities included coding, testing, documentation, and participation in sprint planning. The intern showed dedication and strong learning ability. Recommendation: Strong. Date of issue: 27-05-2026",,Web Development Intern - PayPal,PayPal,Internship,27-05-2026,Internship,synthetic_v1
3dcdb2ae-34e,"INTERNSHIP COMPLETION CERTIFICATE. This is to certify that Tanvi Das has successfully completed an internship at Persistent Systems as a Cloud Engineering Intern. Duration: 5 months. During the internship, the candidate worked on real-world projects and demonstrated strong technical skills and professional conduct. Date: July 05, 2021. HR Reference: ID11982X",,Cloud Engineering Intern - Persistent Systems,Persistent Systems,Internship,"July 05, 2021",Internship,synthetic_v1
11423464-357,This certificate is presented to Arun Srinivasan for participation in Chess at the All India University Games conducted by PSG College of Technology. The student demonstrated dedication and skill throughout the tournament. Level: State. Position: Second Place. 25-09-2021,,Chess - All India University Games,PSG College of Technology,All India University Games,25-09-2021,Sports,synthetic_v1
c1f1c7d0-ce8,"CODING HACKATHON ACHIEVEMENT. Microsoft Imagine Cup. Certificate for David Wilson. Organized at VIT University on 10-06-2022. Challenge type: Build and deploy a working application in 24 hours. Technologies used: Python, JavaScript, APIs, Cloud. Result: Second Place. Judge panel commendation received.",,Microsoft Imagine Cup,VIT University,Microsoft Imagine Cup,10-06-2022,Hackathon,synthetic_v1
fe449994-063,"GUEST LECTURE CERTIFICAT. R0han Mukherjee attended the guest lecture on Green Computing delivercd by Jessica Das at College of Enginee ring Guindy on July 09, 2020. The lecture covered foundational concepts and state-of-the-art developments. Organized by the Department of  Computer Science.",,Seminar on Green Computing,College of Engineering Guindy,Seminar: Green Computing,"July 09, 2020",Seminar,synthetic_v1
2fe5a83a-ad8,GUEST LECTURE CERTIFICATE. Arjun Das attended the guest lecture on Microservices Architecture delivered by Emily Johnson at VIT University on 29 December 2026. The lecture covered foundational concepts and state-of-the-art developments. Organized by the Department of Computer Science.,,Seminar on Microservices Architecture,VIT University,Seminar: Microservices Architecture,29 December 2026,Seminar,synthetic_v1
5b9c1351-652,"Certificate of Participation. This certifies that Ramesh Agarwal participated in the International Conference on Artificial Intelligence organized by Anna University held on 06-02-2025. The conference featured paper presentations, keynote addresses, and panel discussions on emerging technologies. Certificate No: CRT29153GQP",,International Conference on Artificial Intelligence,Anna University,International Conference on Artificial Intelligence,06-02-2025,Conference,synthetic_v1
8a3debdd-055,"HACKATHON CERTIFICATE. Amazon HackOn. Indian Institute of Technology Madras certifies that Varsha Chatterjee participated in the 36 hours hackathon challenge and developed a working prototype addressing the problem statement. Theme: Education. Date: June 29, 2022. Achievement: Second Place",,Amazon HackOn,Indian Institute of Technology Madras,Amazon HackOn,"June 29, 2022",Hackathon,synthetic_v1
7f63d29b-df7,This certificate is awarded to Akilesh Agarwal for successfully participating in the Smart India Hackathon organized by Cognizant. The hackathon was held on 06-04-2021 and lasted 3 days. The participant demonstrated innovative problem-solving and coding skills. Position: Runner Up. Certificate ID: CERT/25417K,,Smart India Hackathon,Cognizant,Smart India Hackathon,06-04-2021,Hackathon,synthetic_v1
dd17d578-580,"Zonal Level Competition. Certificate awarded to Alex Kumar for outstanding performance in Table Tennis. Organized by Indian Institute of Technology Madras. The tournament featured teams from multiple institutions and departments. Result: Participant. Date: November 13, 2026. Ref: DOC-70955GR",,Table Tennis - Zonal Level Competition,Indian Institute of Technology Madras,Zonal Level Competition,"November 13, 2026",Sports,synthetic_v1
cc35a863-dc5,"CULTURAL ACTIVITY CERTIFICATE. This is to certify that Sneha Davis participated in Film Making Competition at Mood Indigo organized by BITS Pilani. The student demonstrated exceptional artistic talent and creativity. Position: First Place. Date: September 29, 2025. Certificate ID: NO/27760QKX",,Film Making Competition - Mood Indigo,BITS Pilani,Mood Indigo,"September 29, 2025",Cultural Activity,synthetic_v1
88b8f913-8db,ACADEMIC ACHIEVEMENT AWARD. Awarded to Michael Bhat for securing the highest marks in the Department of Computer Science at IIIT Hyderabad. This certificate is presented in recognition of academic excellence and scholarly dedication. Date of Issue: 09-06-2023. Ref: ID91461E,,Academic Achievement Certificate,IIIT Hyderabad,Academic Examinations,09-06-2023,Academic Achievement,synthetic_v1
11a58fcb-856,This certifies that Riya Martinez attended the technical seminar titled 'Data Structures and Algorithms: Current Trends and Future Prospects' conducted by Google Developer Groups. The seminar featured industry expert Madhavi Agarwal and covered topics of current relevance. Date: 27 July 2024,,Seminar on Data Structures and Algorithms,Google Developer Groups,Seminar: Data Structures and Algorithms,27 July 2024,Seminar,synthetic_v1
f5559f10-e18,Dean's List Certificate. Riya Brown is hereby placed on the Dean's List for the academic semester at Amrita Vishwa Vidyapeetham in recognition of exceptional academic performance and maintaining a GPA above 9.0 out of 10.0. 27-01-2023,,Academic Achievement Certificate,Amrita Vishwa Vidyapeetham,Academic Examinations,27-01-2023,Academic Achievement,synthetic_v1
7c9c6b35-5a8,This certificate is proudly presented to Shalini Jones for achieving Rank 1 in the university examinations conducted by Sri Krishna College of Technology. The student has exhibited remarkable dedication to academic pursuits and intellectual growth. 01/12/2025,,Academic Achievement Certificate,Sri Krishna College of Technology,Academic Examinations,01/12/2025,Academic Achievement,synthetic_v1
4cdff50d-9c0,"Certificate of Volunteering. FICCI certifies that Matthew Srinivasan served as a volunteer for the Water Conservation Drive conducted on 27 April 2022. The volunteer helped in organizing, coordinating, and executing the event. Hours contributed: 12. Ref: CERT-83516W",,Water Conservation Drive,FICCI,Water Conservation Drive,27 April 2022,Volunteer Activity,synthetic_v1
74bd69f1-1ad,"INVITED TALK CERTIFICATE. Sarah Rao is certified to have attended the invited talk on Industry 4.0 by Varsha Mukherjee organized by Anna University. The talk discussed emerging trends, challenges, and opportunities in the field. 2024-11-06. No: ID/56603KGZ",,Seminar on Industry 4.0,Anna University,Seminar: Industry 4.0,2024-11-06,Seminar,synthetic_v1
04920641-542,WORKSHOP COMPLETION CERTIFICATE. Linux Foundation certifies that Jessica Martinez has completed the 1 day hands-on workshop on React.js. The participant demonstrated practical understanding and completed all assigned exercises. Issued on 24/11/2026.,,Workshop on React.js,Linux Foundation,Workshop: React.js,24/11/2026,Workshop,synthetic_v1
26dc7668-53c,Industrial Training Certificate. This certifies that Sanjay Patel has completed industrial training at Adobe in the capacity of Backend Development Intern. Training duration: 1 months. The candidate demonstrated satisfactory performance and professional ethics. Grade: A. Issued: 21/03/2026. Reference: CERT10666YX,,Backend Development Intern - Adobe,Adobe,Internship,21/03/2026,Internship,synthetic_v1
f2095140-be0,Certificate of Internship. Infosys hereby certifies that Ananya Mukherjee served as a Machine Learning Intern from the period of 5 weeks. The intern contributed to the development team and successfully delivered assigned project milestones. Performance rating: Excellent. Issued on 15/08/2021.,,Machine Learning Intern - Infosys,Infosys,Internship,15/08/2021,Internship,synthetic_v1
36dc2f2d-b86,Certificate of Merit. Kongu Engineering College hereby certifies that Hari Joshi has secured First Class with Distinction in the semester examinations held during the academi year. The student is recognized for outstanding academic achievement. Issued on23-04-2025.,,Academic Achievement Certificate,Kongu Engineering College,Academic Examinations,23-04-2025,Academic Achievement,synthetic_v1
e8310e49-fb9,CULTURAL ACTIVITY CERTIFICATE. This is to certify that Riya Rao participated in Literary Festival at Saarang organized by National Institute of Technology Trichy. The student demonstrated exceptional artistic talent and creativity. Position: Participant. Date: 2020-09-20. Certificate ID: CRT-42719C,,Literary Festival - Saarang,National Institute of Technology Trichy,Saarang,2020-09-20,Cultural Activity,synthetic_v1
284646e1-f6b,TECHNICAL WORKSHOP CERTIFICATE. Shalini Nair successfully participated in the DevOps bootcamp organized by Apache Software Foundation. The 3 days intensive training included project-based learning and assessment. Final project submitted and evaluated. Score: 93/100. Date: 13-11-2021,,Workshop on DevOps,Apache Software Foundation,Workshop: DevOps,13-11-2021,Workshop,synthetic_v1
0b53f19a-7a2,TECHNICAL COMPETITION CERTIFICATE. HackerRank Challenge. AWS Community certifies that Daniel Verma competed in the technical competition and demonstrated strong analytical and programming skills. Round cleared: Preliminary. Result: Participant. Date: 03 March 2021,,HackerRank Challenge,AWS Community,HackerRank Challenge,03 March 2021,Technical Competition,synthetic_v1
03c603e3-151,Certificate of Appreciation. NCC Battalion appreciates the voluntary service of Suresh Garcia during the Food Distribution Drive. The volunteer played a key role in the success of the initiative. Impact: Notable. Date: 10-01-2020.,,Food Distribution Drive,NCC Battalion,Food Distribution Drive,10-01-2020,Volunteer Activity,synthetic_v1
2a3eaecb-bd9,This certificate is presented to Amanda Garcia in recognition of artistic contribution to Singing Competition held during Pragyan at Manipal Institute of Technology. The participant exhibited remarkable talent and stage presence. Judge remarks: Commendable performance. Date: 04-09-2023,,Singing Competition - Pragyan,Manipal Institute of Technology,Pragyan,04-09-2023,Cultural Activity,synthetic_v1
53530cfd-489,TECHNICAL WORKSHOP CERTIFICATE. Pooja Singh successfully participated in the Ethical Hacking bootcamp organized by Bharathiar University. The 1 week intensive training included project-based learning and assessment. Final project submitted and evaluated. Score: 94/100. Date: 2020-12-01,,Workshop on Ethical Hacking,Bharathiar University,Workshop: Ethical Hacking,2020-12-01,Workshop,synthetic_v1
c6e24391-d20,"This certificate is awarded to Stephanie Josh for successful completion of the Software Development Interninternship prognam at Amazon. The intern worked for 1 days and gained hnds-on eperience in software engineering, agile development, a nd dep 1oyment processes. The work was  of high quality and met professional standards. Signed by the Engineering Director. April 30, 2020",,Software Development Intern - Amazon,Amazon,Internship,"April 30, 2020",Internship,synthetic_v1
b33ab159-419,OUTREACH PROGRAM CERTIFICATE. Institutiori of En gineers India conducted a Digital Literacy Pr ogram event. Volunteer: Tanvi Brown. Role: Field Worker. The event was aimed at community welfare and soclal upliftment. Hours: 147. Date: 10/09/2022,,Digital Literacy Program,Institution of Engineers India,Digital Literacy Program,10/09/2022,Volunteer Activity,synthetic_v1
1dddf25e-899,SEMINAR ATTENDANCE CERTIFICATE. VIT University certifies that Sanjay Miller attended the guest lecture and seminar on Augmented Reality held on 2025-06-26. Speaker: Karthik Banerjee. Duration: 3 hours. The session provided insights into current trends and research.,,Seminar on Augmented Reality,VIT University,Seminar: Augmented Reality,2025-06-26,Seminar,synthetic_v1
7f3ec47f-1d7,Certificate of Completion. Divya Kumar has successfully completed the HashiCorp Terraform Assoeiate course on Udacity. Duration: 9 weeks. Modules completed: 15. Final assessment score: 81%. Issued: 06 October 2025. Certificate No: CRT-4800XBJ,,HashiCorp Terraform Associate,Udacity,Certification Examination,06 October 2025,Certification,synthetic_v1
3b553fbd-75d,"Intel Learning Platform. CERTIFICATE OF ACHIEVEMENT. This certificate is awarded to Deepak Das for completing the Microsoft Azure Fundamentals AZ-900 Professional Certificate program. The learner has completed all required courses, hands-on labs, and assessments. Hours of learning: 123. Completed on: May 03, 2023",,Microsoft Azure Fundamentals AZ-900,Intel,Certification Examination,"May 03, 2023",Certification,synthetic_v1
aa72d7cc-9df,PROFESSIONAL CERTIFICATION. LTI hereby certifies hat Rahu1 Patel has earned the Red Hat Certified System Ad ministrator creentia l. Examination Score: 917/1000. Certificotion Date: 2024-11-03. Validation Code: ID52269UTT. Verify at lti.com/verify,,Red Hat Certified System Administrator,LTI,Certification Examination,2024-11-03,Certification,synthetic_v1
b447462a-963,"We hereby certify that Rahul Davis attended the workshop titled 'Machine Learning: From Theory to Practice' conducted by Madras Christian College on 02-02-2023. The workshop spanned 1 day and included lectures, demonstrations, and lab sessions. Certificate No: REF-62656",,Workshop on Machine Learning,Madras Christian College,Workshop: Machine Learning,02-02-2023,Workshop,synthetic_v1
fcd01357-add,ANNUAL SPORTS DAY CERTIFICATE. Anna University. This certificate is awarded to Arun Verma for participating in Throwball during the Annual Sports Day held on 2025-11-04. The event promoted athletic excellence and team spirit among students. Achievement: Participant.,,Throwball - Annual Athletic Meet,Anna University,Annual Athletic Meet,2025-11-04,Sports,synthetic_v1
fde4e619-c5d,Certificate of Attendance. This is to certify that Pooja Mukherjee attended the seminar on 'Industry 4.0' organized by VIT University on 17 June 2020. The seminar was delivered by Shalini Martinez and covered recent advancements and future directions in the field. Certificate ID: CRT/70844,,Seminar on Industry 4.0,VIT University,Seminar: Industry 4.0,17 June 2020,Seminar,synthetic_v1
de48ca35-711,"Zoho Learning Platform. CERTIFICATE OF ACHIEVEMENT. This certificate is awarded to Manoj Das for completing the Cisco Certified Network Associate Professional Certificate program. The learner has completed all required courses, hands-on labs, and assessments. Hours of learning: 97. Completed on: 2024-04-20",,Cisco Certified Network Associate,Zoho,Certification Examination,2024-04-20,Certification,synthetic_v1
9f90e77f-4ab,"Daniel Banerjee is hereby awarded this certificate for participation in Wipro Elite Challenge conducted by Indian Institute of Technology Madras. The contest challenged participants with complex algorithmic problems requiring efficient solutions within time constraints. Standing: First Place. Contest Date: January 28, 2024",,Wipro Elite Challenge,Indian Institute of Technology Madras,Wipro Elite Challenge,"January 28, 2024",Technical Competition,synthetic_v1
13055f60-e89,"LETTER OF COMPLETION. Ananya Wilson has completed the Quality Assurance Intern program at PayPal. Duration: 4 days. Project: Customer Analytics Dashboard. Technologies used: Python, JavaScript, SQL, Cloud Services. Manager signature included. Date: August 23, 2021",,Quality Assurance Intern - PayPal,PayPal,Internship,"August 23, 2021",Internship,synthetic_v1
cf267119-bf8,CULTURAL ACTIVITY CERTIFICATE. This is to certify that Arjun Miller participated in Drama Performance at Mood Indigo organized by National Institute of Technology Trichy. The student demonstrated exceptional artistic talent and creativity. Position: Participant. Date: 04/12/2023. Certificate ID: CRT64936HE,,Drama Performance - Mood Indigo,National Institute of Technology Trichy,Mood Indigo,04/12/2023,Cultural Activity,synthetic_v1
3e211852-bd2,"Certificate of Participation. This is to certify that Akilesh Nair participated in Wipro Elite Challenge organized by Google held on 2021-10-06. The competition tested skills in algorithms, data structures, and problem solving. Position: Participant. Certificate No: DOC-12867HLP",,Wipro Elite Challenge,Google,Wipro Elite Challenge,2021-10-06,Technical Competition,synthetic_v1
e90b5258-536,This certifes that Prasad Singh attended the technical seminar titled 'Java Development: Current Trends and Future  Prospects'conducted b y Mozilla Developer Networ k. The semina r featured industry cxpert William Pillai and covered topics of cur rent relevance. Date: 07/05/2021,,Seminar on Java Development,Mozilla Developer Network,Seminar: Java Development,07/05/2021,Seminar,synthetic_v1
9f4dd27a-8d9,"This document certifies that Naveen Nair has met all requirements for the CompTIA Security+ credential as administered by Samsung. The certification process included written examination, practical assessment, and project submission. Certified on January 02, 2021. ID: CERT/36296",,CompTIA Security+,Samsung,Certification Examination,"January 02, 2021",Certification,synthetic_v1
8a41d60f-373,Certificate of Attendance. AWS Community conducted a workshop on Kubernetes on 02-07-2022. This certificate confirms that Karthik Iyer attended all sessions spanning 2 days. The workshop provided comprehensive training in both theoretical foundations and practical applications.,,Workshop on Kubernetes,AWS Community,Workshop: Kubernetes,02-07-2022,Workshop,synthetic_v1
c720872c-fdb,Certificate of Participation. Seminar on Data Science. Participant: Michael Martinez. Venue: SRM Institute of Science and Technology. Date: 09/10/2025. Keynote Speaker: James Jones. The seminar explored theoretical underpinnings and practical applications of the subject. Ref: DOC14506MF,,Seminar on Data Science,SRM Institute of Science and Technology,Seminar: Data Science,09/10/2025,Seminar,synthetic_v1
fa039c20-d1b,"SHORT TERM TRAINING PROGRAM. Thiagarajar College of Engineering certifies that Rohan Chatterjee has completed the Short Term Training Program on Flutter Development. Duration: 5 days. The program included expert lectures, lab sessions, and mini-project development. Attendance: 100%. Issued: March 02, 2023. Ref: NO/56236",,Workshop on Flutter Development,Thiagarajar College of Engineering,Workshop: Flutter Development,"March 02, 2023",Workshop,synthetic_v1
e6f01380-23e,"We hereby cert ify that Akilesh Joshi attended the workshop titled 'Database Management: From Theory to Practice' conducted by National Institute of Tec hnology Trichy on December 11, 2020. The workshop spanned 2 days and included lectures, demonstrations, and lab sessions. Certificate No: NO/87449AI",,Workshop on Database Management,National Institute of Technology Trichy,Workshop: Database Management,"December 11, 2020",Workshop,synthetic_v1
17fad5cc-257,GUEST LECTURE CERTIFICATE. Sneha Bhat attended the guest lecture on Natural Language Processing delivered by Divya Nair at Coimbatore Institute of Technology on 2026-03-18. The lecture covered foundational concepts and state-of-the-art developments. Organized by the Department of Computer Science.,,Seminar on Natural Language Processing,Coimbatore Institute of Technology,Seminar: Natural Language Processing,2026-03-18,Seminar,synthetic_v1
7bc39554-8c7,Certificate of Cultural Excellence. William Menon participated in Poetry Recitation at Cultural Week. Organized by SRM Institute of Science and Technology on 30/10/2023. The event featured participants from 42 colleges. Category: Duo. Achievement: Second Place.,,Poetry Recitation - Cultural Week,SRM Institute of Science and Technology,Cultural Week,30/10/2023,Cultural Activity,synthetic_v1
e4cafd53-9b0,This certifies that Naveen Jones has successfully completed the Certified Kubernetes Administrator certification program offered by Coursera. The candidate has demonstrated proficiency in all required domains and passed the certification examination. Certificate ID: CRT67536P. Date of certification: 09/11/2023. This credential is valid for 3 years.,,Certified Kubernetes Administrator,Coursera,Certification Examination,09/11/2023,Certification,synthetic_v1
6426b3e4-9ab,National Level Tournament. Certificate awarded to Daniel Rodriguez for outstanding performance in Carrom. Organized by VIT University. The tournament featured teams from multiple institutions and departments. Result: Participant. Date: 2022-05-06. Ref: CERT-30369GL,,Carrom - National Level Tournament,VIT University,National Level Tournament,2022-05-06,Sports,synthetic_v1
5b77f7db-ede,CODING COMPETITION CERTIFICATE. Google Code Jam organized by IEEE Computer Society. Participant: Karthik Kumar. Problems solved: 2 out of 6. Rank: 215 out of 1205 participants. Date: 30/06/2025. Achievement: Runner Up,,Google Code Jam,IEEE Computer Society,Google Code Jam,30/06/2025,Technical Competition,synthetic_v1
9ed47880-a51,This certificate is presented to Suresh Bhat in recognition of artistic contribution to Music Festival held during Saarang at Anna University. The participant exhibited remarkable talent and stage presence. Judge remarks: Commendable performance. Date: 21-07-2023,,Music Festival - Saarang,Anna University,Saarang,21-07-2023,Cultural Activity,synthetic_v1
7e132b73-328,"INVITED TALK CERTIFICATE. Jennifer Chatterjee is certified to have attended the invited talk on Kubernetes by Ganesh Rodriguez organized by IEEE Computer Society. The talk discussed emerging trends, challenges, and opportunities in the field. March 07, 2023. No: ID-44656WP",,Seminar on Kubernetes,IEEE Computer Society,Seminar: Kubernetes,"March 07, 2023",Seminar,synthetic_v1
58338f2d-710,CONFERENCE PRESENTATION CERTIFICATE. International Conference on Artificial Intelligence. This is to certify that Ananya Brown presented a paper titled 'Advances in Data Structures and Algorithms' at the conference organized by PSG College of Technology on 01-10-2022. The paper was reviewed and accepted by the technical program committee. Paper ID: CRT89408SWR,,International Conference on Artificial Intelligence,PSG College of Technology,International Conference on Artificial Intelligence,01-10-2022,Conference,synthetic_v1
ddce5c97-ae4,"WORKSHOP COMPLETION CERTIFICATE. Bharathiar University certfies that Meero Bhat has completed the 1 week handso n workshop on Microservices Archiecture. The par ticipant demonstrated practica1 understanding and completed all assigned exercises. Issued on March 24, 2026.",,Workshop on Microservices Architecture,Bharathiar University,Workshop: Microservices Architecture,"March 24, 2026",Workshop,synthetic_v1
aa30d07b-c45,Certificate of Achievement. SRM Institute of Science and Technology recognizes Daniel Srinivasan for outstanding performance in the final year research project titled 'Machine Learning Applications in Healthcare'. Grade: Outstanding. Supervisor commendation received. Date: 2020-02-20. Project ID: REF/59028WZ,,Academic Achievement Certificate,SRM Institute of Science and Technology,Academic Examinations,2020-02-20,Academic Achievement,synthetic_v1
0450efbd-bfa,"NATIONAL LEVEL TECHNICAL CONTEST. Robotics Challenge. This certifies that Hari Das represented their institution at the national level competition organized by Infosys. The event tested algorithmic thinking, coding speed, and accuracy. Result: Winner. October 16, 2021",,Robotics Challenge,Infosys,Robotics Challenge,"October 16, 2021",Technical Competition,synthetic_v1
96747f83-f48,CERTIFICATE OF ACADEMIC EXCELLENCE. Kongu Engineering College. This is to certify that Divya Williams has been awarded a Gold Medal for securing the highest aggregate marks in the B.Tech Computer Science and Engineering program. Convocation held on 28-12-2022. Registration No: NO-40117D,,Academic Achievement Certificate,Kongu Engineering College,Academic Examinations,28-12-2022,Academic Achievement,synthetic_v1
f0bc4543-b94,"HACKATHON WINNER CERTIFICATE. This is to certify that Varsha Singh secured Participant at Google Hash Code organized by TCS on 06 June 2026. The 36 hours intensive competition tested skills in problem analysis, solution design, coding, and presentation. Prize category: Best Technical Implementation.",,Google Hash Code,TCS,Google Hash Code,06 June 2026,Hackathon,synthetic_v1
e3a2b5ca-daf,ACADEMIC CONFERENCE CERTIFICATE. National Conference on Software Systems hosted by Anna University. Participant: Jessica Nair. Role: Paper Presenter. Date: 29 July 2022. The conference brought together researchers and practitioners from across the country to discuss advances in technology.,,National Conference on Software Systems,Anna University,National Conference on Software Systems,29 July 2022,Conference,synthetic_v1
f7ebe3d3-eb4,"SYMPOSIUM PARTICIPATION CERTIFICATE. International Conference on Artificial Intelligence. Organized by Manipal Institute of Technology. Date: 13 August 2021. This certificate acknowledges the participation of Jennifer Verma in the national symposium. The event included invited talks, panel discussions, and poster presentations on recent developments.",,International Conference on Artificial Intelligence,Manipal Institute of Technology,International Conference on Artificial Intelligence,13 August 2021,Conference,synthetic_v1
3b6e0465-1b7,"This certificate is awarded to Madhavi Garcia for successful completion of the Full Stack Development Intern internship program at HCL Technologies. The intern worked for 10 weeks and gained hands-on experience in software engineering, agile development, and deployment processes. The work was of high quality and met professional standards. Signed by the Engineering Director. 13/06/2025",,Full Stack Development Intern - HCL Technologies,HCL Technologies,Internship,13/06/2025,Internship,synthetic_v1
0d0f3488-b06,"To Who m It May Concern. This is to ccrt ify that Alex Brown, a student of Thiagaraar College of Engineering, has successfully completed the Honours Program in Data Science with a grade of A+. The studenthas demonstrated exceptional analytical and researh capabilities. Issued on: 28/08/2024",,Academic Achievement Certificate,Thiagarajar College of Engineering,Academic Examinations,28/08/2024,Academic Achievement,synthetic_v1
c37819dc-632,"NATIONAL LEVEL HACKATHON CERTIFICATE. Amazon HackOn organized by Amazon. This certificate is proudly presented to Harini Pillai for outstanding coding performance and innovative thinking during the 24 hours hackathon competition. The participant worked on real-world challenges and presented a functional solution. Winner. Date: March 12, 2024",,Amazon HackOn,Amazon,Amazon HackOn,"March 12, 2024",Hackathon,synthetic_v1
8f6989c2-7d0,This certificate is presented to Akilesh Banerjee for participation in Shot Put at the Inter-College Sports Tournament conducted by PSG College of Technology. The student demonstrated dedication and skill throughout the tournament. Level: Department. Position: Runner Up. 2025-07-04,,Shot Put - Inter-College Sports Tournament,PSG College of Technology,Inter-College Sports Tournament,2025-07-04,Sports,synthetic_v1
64deecf2-e37,"This certifies that Shalini Davis attended the technical seminar titled 'Blockchain: Current Trends and Future Prospects' conducted by Bharathiar University. The seminar featured industry expert Christopher Kumar and covered topics of current relevance. Date: October 04, 2025",,Seminar on Blockchain,Bharathiar University,Seminar: Blockchain,"October 04, 2025",Seminar,synthetic_v1
b7ced6eb-306,Certificate o f Achievement. Karthik Patel and team are recognized  for teir participation in Amazon HackOn. Organizcd by Cognizant on 30 July 2020. Duration: 48 hours. Te team built an innovative soluti0n using modrn technology stack. Sanding: Runner Up. Team  Size: 5 mcmbers.,,Amazon HackOn,Cognizant,Amazon HackOn,30 July 2020,Hackathon,synthetic_v1
092ae94b-309,"TECHNICAL COMPETITION CERTIFICATE. Infosys HackWithInfy. VIT University certifies that Michael Mukherjee competed in the technical competition and demonstrated strong analytical and programming skills. Round cleared: Semi-Final. Result: Participant. Date: June 02, 2025",,Infosys HackWithInfy,VIT University,Infosys HackWithInfy,"June 02, 2025",Technical Competition,synthetic_v1
1a68d241-744,Certificate of Participation. Ganesh Banerjee participated in the Debate Competition during Riviera held at PSG College of Technology on 26 April 2026. The event showcased the artistic abilities and cultural talents of students from various departments. Achievement: Participant.,,Debate Competition - Riviera,PSG College of Technology,Riviera,26 April 2026,Cultural Activity,synthetic_v1
1ee12874-882,This certificate is presented to Divya Verma for attending the Faculty Development Programme and Workshop on Augmented Reality held at GitHub Education. The 1 day program covered latest trends and practical implementation strategies. Resource persons from industry and academia contributed. 11 August 2020,,Workshop on Augmented Reality,GitHub Education,Workshop: Augmented Reality,11 August 2020,Workshop,synthetic_v1
cc16536b-96e,Spring Fest. IIIT Hyderabad. Certificate of Achievement. Awarded to Kavitha Mukherjee for participation in Photography Contest. The cultural event brought together talented performers and artists from across the institution. Standing: Participant. Date: 04 October 2026,,Photography Contest - Spring Fest,IIIT Hyderabad,Spring Fest,04 October 2026,Cultural Activity,synthetic_v1
45944fee-a9e,HACKATHON CERTIFICATE. TechGig Code Gladiators. PSG College of Technolog y certifies that David Garcia participated in the 36 hours hackathon challenge and developed a working prototype addressing te problem statement . Theme: Education. Date: 05 January 2020. Achievement: Third Place,,TechGig Code Gladiators,PSG College of Technology,TechGig Code Gladiators,05 January 2020,Hackathon,synthetic_v1
373aaa74-790,SUMMER INTERNSHIP CERTIFICATE. Hexaware. We are plcased to certify that Jessica Martinez has undergone industrial training as a Web evelopment Intern at or organization for 10  weeks. Thetraining was c onducted under the supervision of senior engineers and the intern performed satisfactori1y. Certificate No: REF/58529X. Date: 2024-10-29,,Web Development Intern - Hexaware,Hexaware,Internship,2024-10-29,Internship,synthetic_v1
0552ad34-28b,"To Whom It May Concern. This is to certify that Keerthana Martinez, a student of College of Engineering Guindy, has successfully completed the Honours Program in Data Science with a grade of A+. The student has demonstrated exceptional analytical and research capabilities. Issued on: 06/05/2020",,Academic Achievement Certificate,College of Engineering Guindy,Academic Examinations,06/05/2020,Academic Achievement,synthetic_v1
8b06c067-4b4,"INTERNSHIP COMPLETION CERTIFICATE. This is to certify that Rajesh Williams has successfully completed an internship at TCS as a Frontend Development Intern. Duration: 3 weeks. During the internship, the candidate worked on real-world projects and demonstrated strong technical skills and professional conduct. Date: October 02, 2021. HR Reference: CRT80970I",,Frontend Development Intern - TCS,TCS,Internship,"October 02, 2021",Internship,synthetic_v1
604f84ba-5ee,"SYMPOSIUM PARTICIPATION CERTIFICATE. National Conference on Information Technology. Orgaized by BITS Pilani. Date: 28/08/2025. This certificate acknowledges the participation of Pniya Brown in he national symposium. The event included invi ted talks, panel discussions, and poster presentations on recent developme nts.",,National Conference on Information Technology,BITS Pilani,National Conference on Information Technology,28/08/2025,Conference,synthetic_v1
4e6e0321-50f,Certificate of Achievement. SRM Institute of Science and Technology recognizes Mohan Miller for outstanding performance in the final year research project titled 'Machine Learning Applications in Healthcare'. Grade: Outstanding. Supervisor commendation received. Date: 07 May 2026. Project ID: CRT/12359WG,,Academic Achievement Certificate,SRM Institute of Science and Technology,Academic Examinations,07 May 2026,Academic Achievement,synthetic_v1
0cf62f2f-341,"CODING HACKATHON ACHIEVEMENT. CodeAgon. Certificate for Deepak Miller. Organized at Manipal Institute of Technology on 11 November 2026. Challenge type: Build and deploy a working application in 36 hours. Technologies used: Python, JavaScript, APIs, Cloud. Result: Special Mention. Judge panel commendation received.",,CodeAgon,Manipal Institute of Technology,CodeAgon,11 November 2026,Hackathon,synthetic_v1
46916fce-dab,COMMUNITY SERVICE CERTIFICATE. Karthik Miller is recognized for selfless volunteer service during the Rural Education Program organized by UNICEF India. The event served 137 beneficiaries. Duration of service: 34 hours. Date: 2026-04-19. Commendation: Exemplary service.,,Rural Education Program,UNICEF India,Rural Education Program,2026-04-19,Volunteer Activity,synthetic_v1
4f7262bb-b44,Certificate of Appreciation. Indian Society for Technical Education appreciates the voluntary service of Emily Joshi during the Blood Donation Camp. The volunteer played a key role in the success of the initiative. Impact: Notable. Date: 25 September 2023.,,Blood Donation Camp,Indian Society for Technical Education,Blood Donation Camp,25 September 2023,Volunteer Activity,synthetic_v1
56bbd2b3-894,This certificate is awarded to Ashwin Martinez for attending the National Conference on Cyber Security held at Amrita Vishwa Vidyapeetham on 24-12-2025. The conference covered cutting-edge research in computer science and engineering. Total papers presented: 75. Keynote sessions: 7. Certificate ID: ID-94174TR,,National Conference on Cyber Security,Amrita Vishwa Vidyapeetham,National Conference on Cyber Security,24-12-2025,Conference,synthetic_v1
6fc7659e-377,"This is to certify that Sanjay Bhat has achieved outstanding academic performance and is awarded the Certificate of Academic Excellence by Coimbatore Institute of Technology. Date: May 22, 2022. The student has demonstrated exceptional skills in coursework and examination. Certificate ID: REF-81750WCC",,Academic Achievement Certificate,Coimbatore Institute of Technology,Academic Examinations,"May 22, 2022",Academic Achievement,synthetic_v1
593dfc33-60a,CERTIFICATE OF ACADEMIC EXCELLENCE. College of Engineering Guindy. This is to certify that Ganesh Rodriguez has been awarded a Gold Medal for securing the highest aggregate marks in the B.Tech Computer Science and Engineering program. Convocation held on 27/06/2020. Registration No: CERT/77271DJ,,Academic Achievement Certificate,College of Engineering Guindy,Academic Examinations,27/06/2020,Academic Achievement,synthetic_v1
a8081920-b5b,Dean's List Certificate. Kavitha Sharma is hereby placed on the Dean's List for the academic semester at IIIT Hyderabad in recognition of exceptional academic performance and maintaining a GPA above 9.0 out of 10.0. 01-04-2024,,Academic Achievement Certificate,IIIT Hyderabad,Academic Examinations,01-04-2024,Academic Achievement,synthetic_v1
8dd1c58c-388,GUEST LECTURE CERTIFICATE. Ananya Rao attended he guest  lecture on Augmented Reality delivered by Arjun Iyer at ACM Student Chapter on 24 April 2020. The lecture covered foundational concepts and state-o-the-art developments. Organized by the Department of Computer Science.,,Seminar on Augmented Reality,ACM Student Chapter,Seminar: Augmented Reality,24 April 2020,Seminar,synthetic_v1
6e7deb91-c4e,This certificate is awarded to James Bhat for successfully participating in the Microsoft Imagine Cup organized by Infosys. The hackathon was held on 28/08/2025 and lasted 24 hours. The participant demonstrated innovative problem-solving and coding skills. Position: Participant. Certificate ID: CERT73373SX,,Microsoft Imagine Cup,Infosys,Microsoft Imagine Cup,28/08/2025,Hackathon,synthetic_v1
15933d96-0c6,WORKSHOP COMPLETION CERTIFICATE. College of Engincering Guindy certifies  that Ananya Das has completed he 2 days hands-on workshop on Cloud Computing. The participant demonstrated practical understanding and completed all assignd exercises. Issued on 2023-02-09.,,Workshop on Cloud Computing,College of Engineering Guindy,Workshop: Cloud Computing,2023-02-09,Workshop,synthetic_v1
292a6f62-d54,ANNUAL SPORTS DAY CERTIFICATE. Indian Institute of Technology Madras. This certificate is awarded to Arjun Menon for participating in Athletics during the Annual Sports Day held on 03-12-2026. The event promoted athletic excellence and team spirit among students. Achievement: Participant.,,Athletics - University Sports Meet,Indian Institute of Technology Madras,University Sports Meet,03-12-2026,Sports,synthetic_v1
ee562bef-f2f,CONTINUING EDUCATION CERTIFICATE. Arun Singh has earned 41 Professional Development Units by completing the ITIL Foundation program at Hexaware. Areas covered include theoretical foundations and practical applications. Date: 30-05-2020,,ITIL Foundation,Hexaware,Certification Examination,30-05-2020,Certification,synthetic_v1
e00facac-bf7,PROFESSIONAL CERTIFICATION. Tech Mahindra hereby certifies that Meera Rodriguez has earned the Google Cloud Associate Engineer credential. Examination Score: 927/1000. Certification Date: 18 September 2023. Validation Code: NO78983Z. Verify at techmahindra.com/verify,,Google Cloud Associate Engineer,Tech Mahindra,Certification Examination,18 September 2023,Certification,synthetic_v1
dec03336-d95,This certificate is presented to Anjali Agarwal in recognition of artistic contribution to Film Making Competition held during Riviera at Manipal Institute of Technology. The participant exhibited remarkable talent and stage presence. Judge remarks: Commendable performance. Date: 03-11-2025,,Film Making Competition - Riviera,Manipal Institute of Technology,Riviera,03-11-2025,Cultural Activity,synthetic_v1
f510322c-2cf,Inter-College Sports Tournament. Certificate awarded to Jessica Williams for outstanding performance in Relay Race. Organized by National Institute of Technology Trichy. The tournament featured teams from multiple institutions and departments. Result: Second Place. Date: 2023-05-04. Ref: CERT/17291,,Relay Race - Inter-College Sports Tournament,National Institute of Technology Trichy,Inter-College Sports Tournament,2023-05-04,Sports,synthetic_v1
781e68f3-0fd,ANNUAL SPORTS DAY CERTIFICATE. PSG College of Technology. Th is certificate is awarded  to William Patel for participatin in Tennis during th Annual Sports Day held on 19-09-2025. The event promoted athletic excellence and team spirit among students. Achievement: Participant.,,Tennis - Inter-Department Sports Day,PSG College of Technology,Inter-Department Sports Day,19-09-2025,Sports,synthetic_v1
a15738fe-490,"Certificate of Volunteering. NCC Battalion certifies that Pooja Rodriguez served as a volunte er for the Swachh Bbarat Mssion coriducted on October 14, 2026. The vo1unteer helped in organizin, coordinating, and executing the event. Hours contributed: 47. Rcf: NO/14015I",,Swachh Bharat Mission,NCC Battalion,Swachh Bharat Mission,"October 14, 2026",Volunteer Activity,synthetic_v1
279bbabd-3ed,Certificate of Cultural Excellence. Ananya Raoparticipate in Rangoli Competition ot Oasis. Organized by PSG College of Tecnology on 01-01-2024. The event featured participants from 42 colleges. Category: Duo. Achievement: Second Place.,,Rangoli Competition - Oasis,PSG College of Technology,Oasis,01-01-2024,Cultural Activity,synthetic_v1
fe6f490a-01c,"Certificate of Participation. This certifies that David Davis participated in the Conference on Natural Language Processing organized by Thiagarajar College of Engineering held on 16-02-2026. The conference featured paper presentations, keynote addresses, and panel discussions on emerging technologies. Certificate No: CRT32611ZRZ",,Conference on Natural Language Processing,Thiagarajar College of Engineering,Conference on Natural Language Processing,16-02-2026,Conference,synthetic_v1
570118ca-613,Techofes. IIIT Hyderabad. Certificate of Achievement. Awarded to Sanjay Agarwal for participation in Quiz Competition. The cultural event brought together talented performers and artists from across the institution. Standing: Participant. Date: 2024-06-20,,Quiz Competition - Techofes,IIIT Hyderabad,Techofes,2024-06-20,Cultural Activity,synthetic_v1
224fe143-87a,COMMUNITY SERVICE CERTIFICATE. Michael Bhat is recognized for selfless volunteer service during the Child Education Initiative organized by Rotaract Club. The event served 57 beneficiaries. Duration of service: 17 hours. Date: 2025-12-24. Commendation: Exemplary service.,,Child Education Initiative,Rotaract Club,Child Education Initiative,2025-12-24,Volunteer Activity,synthetic_v1
33c10266-596,"Certificate of Participation. Seminar on API Development. Participant: Michael Mukherjee. Venue: VIT University. Date: January 17, 2025. Keynote Speaker: Nithya Joshi. The seminar explored theoretical underpinnings and practical applications of the subject. Ref: ID14142L",,Seminar on API Development,VIT University,Seminar: API Development,"January 17, 2025",Seminar,synthetic_v1
b61ac048-369,NATIONAL SEMINAR CERTIFICATE. College of Engineering Guindy organized a National Level Seminar on 5G Technology on 14 April 2022. This certificate is issued to Nicole Rodriguez for attending all sessions of the seminar. Eminent speakers from academia and industry shared their expertise. Chief Guest: Pooja Patel.,,Seminar on 5G Technology,College of Engineering Guindy,Seminar: 5G Technology,14 April 2022,Seminar,synthetic_v1
c15504d4-a2a,SUMMER INTERNSHIP CERTIFICATE. IBM. We are pleased to certify that Christopher Menon has undergone industrial training as a DevOps Intern at our organization for 5 days. The training was conducted under the supervision of senior engineers and the intern performed satisfactorily. Certificate No: CERT-52011L. Date: 2022-02-15,,DevOps Intern - IBM,IBM,Internship,2022-02-15,Internship,synthetic_v1
942c623a-e03,Certificate of Achievement. Arun Kumar and team are recognized for their participation in AngelHack. Organized by Indian Institute of Technology Madras on 04-07-2021. Duration: 24 hours. The team built an innovative solution using modern technology stack. Standing: Special Mention. Team Size: 3 members.,,AngelHack,Indian Institute of Technology Madras,AngelHack,04-07-2021,Hackathon,synthetic_v1
c23ffbd8-1f3,Cultural Week. SRM Institute of Science and Technology. Certificate of Achievement. Awarded to Shalini  Garcia for par ticipation in Literary Festival. The cultural event brought together talented performers  and artists from across the institution. Standing: Participant. Date: 05 August 2024,,Literary Festival - Cultural Week,SRM Institute of Science and Technology,Cultural Week,05 August 2024,Cultural Activity,synthetic_v1
585636f4-1c7,Certificate of Achievement in Sports. Player: Matthew Das. Sport: Chess. Event: South Zone Tournament. Venue: Manipal Institute of Technology. Date: 22-11-2021. Category: Team. Level: Inter-College. Result: Participant. Signed by: Sports Director.,,Chess - South Zone Tournament,Manipal Institute of Technology,South Zone Tournament,22-11-2021,Sports,synthetic_v1
e066e9ac-b63,"This certificate recognizes Priya Davis for excellence in Wipro Elite Challenge organized by Microsoft on 01/11/2021. The competition involved multiple rounds of technical challenges including coding, debugging, and system design. Final standing: Special Mention. Certificate ID: DOC-42408FV",,Wipro Elite Challenge,Microsoft,Wipro Elite Challenge,01/11/2021,Technical Competition,synthetic_v1
ce81189e-3b8,TECHNICAL COMPETITION CERTIFICATE. ACM ICPC. TCS certifies that Mohan Das competed in the technical competition and demonstrated strong analytical and programming skills. Round cleared: Semi-Final. Result: Participant. Date: 2026-07-01,,ACM ICPC,TCS,ACM ICPC,2026-07-01,Technical Competition,synthetic_v1
a4a93495-b94,This certificate is presented to Rohan Garcia for participation in Tennis at the Inter-Col1ege Sports Tournament conducted by BIT S Pilani. The student demonstrated dedication and skill throughout the tournament. Level: Natio nal. Position: First Place. 20-02-2023,,Tennis - Inter-College Sports Tournament,BITS Pilani,Inter-College Sports Tournament,20-02-2023,Sports,synthetic_v1
6d6dc4b3-450,WORKSHOP COMPLETION CERTIFICATE. SSN College of Engineering certifies that Christopher Sharma has completed the 5 days hands-on workshop on Cybersecurity. The participant demonstrated practical understanding and completed all assigned exercises. Issued on 07 March 2022.,,Workshop on Cybersecurity,SSN College of Engineering,Workshop: Cybersecurity,07 March 2022,Workshop,synthetic_v1
06254324-b67,Certificate of Participation. Jennifer Banerjee participated in the Music Festival during Annual Day Celebration held at Amrita Vishwa Vidyapeetham on 22/07/2025. The event showcased the artistic abilities and cultural talents of students from various departments. Achievement: Second Place.,,Music Festival - Annual Day Celebration,Amrita Vishwa Vidyapeetham,Annual Day Celebration,22/07/2025,Cultural Activity,synthetic_v1
0a0477fb-d93,NATIONAL LEVEL HACKATHON CERTIFICATE. TechGig Code Gladiators organized by Microsoft Learn Student Ambassadors. This certificate is proudly presented to Arjun Agarwal for outstanding coding performance and innovative thinking during the 48 hours hackathon competition. The participant worked on real-world challenges and presented a functional solution. Participant. Date: 2022-06-14,,TechGig Code Gladiators,Microsoft Learn Student Ambassadors,TechGig Code Gladiators,2022-06-14,Hackathon,synthetic_v1
c59a95f9-9c4,"Cognizant Learning Platform. CERTIFICATE OF ACHIEVEMENT. This certificate is awarded to Prasad Davis for completing the CompTIA Security+ Professional Certificate program. The learner has completed all required courses, hands-on labs, and assessments. Hours of learning: 118. Completed on: September 02, 2025",,CompTIA Security+,Cognizant,Certification Examination,"September 02, 2025",Certification,synthetic_v1
d8fd5594-f43,This certificate is presented to Suresh Brown for participation in Table Tennis at the Annual Athletic Meet conducted by IIIT Hyderabad. The student demonstrated dedication and skill throughout the tournament. Level: National. Position: Third Place. 2021-02-27,,Table Tennis - Annual Athletic Meet,IIIT Hyderabad,Annual Athletic Meet,2021-02-27,Sports,synthetic_v1
447fae1c-784,This certificate is presented to Jennifer Pillai in recognition of artistic contribution to Singing Competition held during Antaragni at Amrita Vishwa Vidyapeetham. The participant exhibited remarkable talent and stage presence. Judge remarks: Commendable performance. Date: 20-07-2024,,Singing Competition - Antaragni,Amrita Vishwa Vidyapeetham,Antaragni,20-07-2024,Cultural Activity,synthetic_v1
88d2cf7d-372,"We certify that Ananya Gupta participated in CodeAgon conducted by Anna University. This was a 36 hours competitive coding and innovation challenge where participants built solutions from scratch. The event promoted creativity, teamwork, and rapid development. Position secured: First Place. Date: 22-11-2022. ID: REF-34558I",,CodeAgon,Anna University,CodeAgon,22-11-2022,Hackathon,synthetic_v1
abc63d25-cd8,GUEST LECTURE CERTIFICATE. Manoj Mukherjee attended the guest lecture on Java Development delivered by Ashley Williams at Mozilla Developer Network on 12-07-2026. The lecture covered foundational concepts and state-of-the-art developments. Organized by the Department of Computer Science.,,Seminar on Java Development,Mozilla Developer Network,Seminar: Java Development,12-07-2026,Seminar,synthetic_v1
70737252-4f6,Milan. Indian Institute of Technology Madras. Certificate of Achievement. Awarded to Stephanie Martinez for participation in Rangoli Competition. The cultural event brought together talented performers and artists from across the institution. Standing: Winner. Date: 2021-12-14,,Rangoli Competition - Milan,Indian Institute of Technology Madras,Milan,2021-12-14,Cultural Activity,synthetic_v1
6f17327c-0b2,Certificate of Participation. This is to certify that Priya Johnson has successfully participated in the workshop on Deep Learning organized by PSG College of Technology. Duration: 1 week. The workshop covered theoretical concepts and hands-on exercises. Date: 03-06-2022. Certificate ID: NO30898I,,Workshop on Deep Learning,PSG College of Technology,Workshop: Deep Learning,03-06-2022,Workshop,synthetic_v1
6f1b9a4d-2c8,OUTREACH PROGRAM CERTIFICATE. Lions Club conducted a Water Conservation Drive event. Volunteer: Akilesh Kumar. Role: Team Lead. The event was aimed at community welfare and social upliftment. Hours: 176. Date: 29-12-2023,,Water Conservation Drive,Lions Club,Water Conservation Drive,29-12-2023,Volunteer Activity,synthetic_v1
08ffedae-983,Certificate of Attendance. NASSCOM conducted a workshop on Full Stack Development on 01 July 2024. This certificate confirms that Sanjay Gupta attended all sessions spanning 5 days. The workshop provided comprehensive training in both theoretical foundations and practical applications.,,Workshop on Full Stack Development,NASSCOM,Workshop: Full Stack Development,01 July 2024,Workshop,synthetic_v1
7aa80880-2cf,Webinar Attendance Certificate. This certificate confirms that Venkat Pillai attended the online seminar on Data Structures and Algorithms organized by Bharathiar University. Date: 13 July 2026. Duration: 2 hours. The webinar featured interactive sessions and Q&A with speaker Ashley Menon.,,Seminar on Data Structures and Algorithms,Bharathiar University,Seminar: Data Structures and Algorithms,13 July 2026,Seminar,synthetic_v1
b345d890-c4a,Digital Certificate. Akilesh Pillai is now a certified professional. Certification: Google Cloud Associate Engineer. Issuing Organization: Amazon. Exam passed on: 2025-04-11. Score: Pass. Badge earned. Credential ID: REF88691EL. This certificate does not expire.,,Google Cloud Associate Engineer,Amazon,Certification Examination,2025-04-11,Certification,synthetic_v1
3abe1609-9ac,"Certificate of Participation. This is to certify that Rohan Gupta participated in Project Expo organized by Anna University held on 16-02-2022. The competition tested skills in algorithms, data structures, and problem solving. Position: Participant. Certificate No: CRT39525HL",,Project Expo,Anna University,Project Expo,16-02-2022,Technical Competition,synthetic_v1
b37b22cf-91a,"ATHLETIC ACHIEVEMENT CERTIFICATE. VIT University Sports Committee certifies that Karthik Verma participated in the Handball competition during the All India University Games on 23-08-2022. The event promoted physical fitness, teamwork, and healthy competition among students. Standing: Third Place.",,Handball - All India University Games,VIT University,All India University Games,23-08-2022,Sports,synthetic_v1
32ee0781-36c,"HACKATHON WINNER CERTIFICATE. This is to certify that Suresh Singh secured Participant at IEEE Xtreme organized by IIIT Hyderabad on 17 November 2024. The 3 days intensive competition tested skills in problem analysis, solution design, coding, and presentation. Prize category: Best Technical Implementation.",,IEEE Xtreme,IIIT Hyderabad,IEEE Xtreme,17 November 2024,Hackathon,synthetic_v1
1dd1f545-d6a,SOCIAL SERVICE CERTIFICATE. Awarded to Keerthana Gupta for participating in the Beach Cleanup Campaign conducted by Rotary Club on 04/09/2024. The volunteer actively participated in planning and execution. This certificate acknowledges the spirit of social responsibility. Hours: 98.,,Beach Cleanup Campaign,Rotary Club,Beach Cleanup Campaign,04/09/2024,Volunteer Activity,synthetic_v1
9e427266-91f,Certificate of In ternship. Google hereby eertifies that Madhavi Gupta served as a Quality Assurance Intern from the peniod of 3days. The intern contributed to the development team and successfully delivered assigned project milestones . Performance rating: Excellent. Issued on 25-0 6-2023.,,Quality Assurance Intern - Google,Google,Internship,25-06-2023,Internship,synthetic_v1
b8bac907-553,TECHNICAL COMPETITION CERTIFICATE. Robotics Challenge. PSG College of Technology certifies that Stephanie Nair competed in the technical competition and demonstrated strong analytical and programming skills. Round cleared: Preliminary. Result: Merit Award. Date: 10-05-2024,,Robotics Challenge,PSG College of Technology,Robotics Challenge,10-05-2024,Technical Competition,synthetic_v1
3ef5213e-305,"Certificate of Appreciation. NCC Battalion appreciates the voluntary service of Madhavi Jones during the Child Education Initiative. The volunteer played a key role in the success of the initiative. Impact: Significant. Date: October 30, 2024.",,Child Education Initiative,NCC Battalion,Child Education Initiative,"October 30, 2024",Volunteer Activity,synthetic_v1
ef1010ab-cd7,HACKATHON CERTIFICATE. MLH Hackathon. TCS certifies that Sarah Menon participated in the 48 hours hackathon challenge and developed a working prototype addressing the problem statement. Theme: FinTech. Date: 2021-11-11. Achievement: Participant,,MLH Hackathon,TCS,MLH Hackathon,2021-11-11,Hackathon,synthetic_v1
2b403767-829,"ATHLETIC ACHIEVEMENT CERTIFICATE. SRM Institute of Science and Technology Sports Committee certifies that Stephanie Brown participated in the Football competition during the Inter-College Sports Tournament on 14 June 2022. The event promoted physical fitness, teamwork, and healthy competition among students. Standing: Participant.",,Football - Inter-College Sports Tournament,SRM Institute of Science and Technology,Inter-College Sports Tournament,14 June 2022,Sports,synthetic_v1
dbd30f20-3d3,"This certificate is awarded to Jennifer Rodriguez for achieving the Best Outgoing Student Award from the Department of Information Technology, SRM Institute of Science and Technology. The student has shown outstanding performance in academics, research, and extracurricular activities throughout their program. Dated: December 22, 2024",,Academic Achievement Certificate,SRM Institute of Science and Technology,Academic Examinations,"December 22, 2024",Academic Achievement,synthetic_v1
bbd827dc-6d4,Certificate of Appreciation. Anna University appreciates the voluntary service of Sarah Chatterjee during the Cleanliness Drive. The volunteer played a key role in the success of the initiative. Impact: High. Date: 16/11/2025.,,Cleanliness Drive,Anna University,Cleanliness Drive,16/11/2025,Volunteer Activity,synthetic_v1
52395312-d4e,"INVITED TALK CERTIFICATE. Rajesh Menon is certified to have attended the invited talk on Web Development by Jennifer Gupta organized by Thiagarajar College of Engineering. The talk discussed emerging trends, challenges, and opportunities in the field. 07-08-2025. No: REF/99265",,Seminar on Web Development,Thiagarajar College of Engineering,Seminar: Web Development,07-08-2025,Seminar,synthetic_v1
4f504340-c78,Certificate of Participation. Seminar on React.js. Participant: Swathi Reddy. Venue: AWS Community. Date: 28 February 2021. Keynote Speaker: Vikram Chatterjee. The seminar explored theoretical underpinnings and practical applications of the subject. Ref: DOC12262E,,Seminar on React.js,AWS Community,Seminar: React.js,28 February 2021,Seminar,synthetic_v1
1017fb33-f86,SEMINAR ATTENDANCE CERTIFICATE. Manipal Institute of Technology certifies that Rohan Sharma attended the guest lecture and seminar on Agile Methodologies held on 2024-12-11. Speaker: Akilesh Bhat. Duration: half day. The session provided insights into current trends and research.,,Seminar on Agile Methodologies,Manipal Institute of Technology,Seminar: Agile Methodologies,2024-12-11,Seminar,synthetic_v1
5cd18a6d-abc,"INTERNSHIP COMPLETION CERTIFICATE. This is to certify that Emily Reddy has successfully completed an internship at Wipro as a Machine Learning Intern. Duration: 1 days. During the internship, the candidate worked on real-world projects and demonstrated strong technical skills and professional conduct. Date: 22/09/2023. HR Reference: NO-63206IEG",,Machine Learning Intern - Wipro,Wipro,Internship,22/09/2023,Internship,synthetic_v1
1ac10aaa-31f,NATIONAL SEMINAR CERTIFICATE. Manipal Institute of Technology organized a National Level Seminar on Tech Ethics on 16 May 2023. This certificate is issued to Sarah Miller for attending all sessions of the seminar. Eminent speakers from academia and industry shared their expertise. Chief Guest: Venkat Kumar.,,Seminar on Tech Ethics,Manipal Institute of Technology,Seminar: Tech Ethics,16 May 2023,Seminar,synthetic_v1
b151a6a5-506,Certificate of Participation. This is to certify that Jennifer Pillai has successfully participated in the workshop on Flutter Development organized by IIIT Hyderabad. Duration: 1 day. The workshop covered theoretical concepts and hands-on exercises. Date: 03/11/2021. Certificate ID: CRT-96741,,Workshop on Flutter Development,IIIT Hyderabad,Workshop: Flutter Development,03/11/2021,Workshop,synthetic_v1
6669638a-53e,"INTER-COLLEGE CULTURAL FEST CERTIFICATE. Inter-College Cultural Meet organized by National Institute of Technology Trichy. This certificate recognizes David Joshi for participation in Poetry Recitation. The festival celebrated diversity in arts, culture, and creative expression. Result: First Place. Event Date: 10 February 2023",,Poetry Recitation - Inter-College Cultural Meet,National Institute of Technology Trichy,Inter-College Cultural Meet,10 February 2023,Cultural Activity,synthetic_v1
29d7ce8f-228,ACADEMIC ACHIEVEMENT AWARD. Awarded to Daniel Banerjee for securing the highest marks in the Department of Computer Science at Bharathiar University. This certificate is presented in recognition of academic excellence and scholarly dedication. Date of Issue: 07 May 2025. Ref: NO/72582M,,Academic Achievement Certificate,Bharathiar University,Academic Examinations,07 May 2025,Academic Achievement,synthetic_v1
d99dc3c7-9c5,"HANDS-ON TRAINING WORKSHOP. Certificate awarded to Sneha Agarwal for active participation in the Microservices Architecture workshop organized by the Department of Computer Science, IIIT Hyderabad. Duration: 1 week. Topics covered: Introduction, Core Concepts, Advanced Techniques, Real-world Applications. Date: 24-11-2020",,Workshop on Microservices Architecture,IIIT Hyderabad,Workshop: Microservices Architecture,24-11-2020,Workshop,synthetic_v1
a187a20b-27d,"INTERNSHIP EXPERIENCE LETTER. Microsoft. Nithya Mukherjee worked with us as a Full Stack Development Intern for 4 months. Key responsibilities included coding, testing, documentation, and participation in sprint planning. The intern showed dedication and strong learning ability. Recommendation: Strong. Date of issue: October 14, 2022",,Full Stack Development Intern - Microsoft,Microsoft,Internship,"October 14, 2022",Internship,synthetic_v1
45973218-397,UNIVERSITY SPORTS CERTIFICATE. VIT University awards this certificate to Emily Srinivasan for representing the institution in Shot Put at the National Level Tournament. The athlete showed remarkable performance and competitive spirit. Result: Participant. Event Date: 2021-01-17. Player ID: CERT-69617QA,,Shot Put - National Level Tournament,VIT University,National Level Tournament,2021-01-17,Sports,synthetic_v1
e5a7daf1-e93,"CODING HACKATHON ACHIEVEMENT. Hack the Mountain. Certificate for Manoj Gupta. Organized at PSG College of Technology on 06 September 2026. Challenge type: Build and deploy a working application in 36 hours. Technologies used: Python, JavaScript, APIs, Cloud. Result: First Place. Judge panel commendation received.",,Hack the Mountain,PSG College of Technology,Hack the Mountain,06 September 2026,Hackathon,synthetic_v1
3230c225-4e7,This is to certify that Varsha Joshi has achieved outstanding academic performance and is awarded the Certificate of Academic Excellence by Loyola College Chennai. Date: 08-08-2021. The student has demonstrated exceptional skills in coursework and examination. Certificate ID: CRT33325TL,,Academic Achievement Certificate,Loyola College Chennai,Academic Examinations,08-08-2021,Academic Achievement,synthetic_v1
01950cbb-349,VOLUNTEER SERVICE CERTIFICATE. This is to certify that Alex Wilson volunteered for the Tree Plantation Drive organized by Red Cross Society. The volunteer contributed 94 hours of service. Date: 10 March 2024. The volunteer demonstrated exceptional commitment to community service. Certificate ID: REF-77084F,,Tree Plantation Drive,Red Cross Society,Tree Plantation Drive,10 March 2024,Volunteer Activity,synthetic_v1
5da17fa8-6a6,"ANNUAL SPORTS DAY CERTIFICATE. SRM Institute of Science and Technology. This certificate is awarded to Har ini Johns0n for participating in Shot Put during the Annua1 Sports Day held on January 08, 2026. The event promoted athletic excellence and team spirit among students. Achievement: Participant.",,Shot Put - Zonal Level Competition,SRM Institute of Science and Technology,Zonal Level Competition,"January 08, 2026",Sports,synthetic_v1
2905d2a4-2b0,"We certify that Tanvi Reddy participated in HackWithInfy conducted by Microsoft Learn Student Ambassadors. This was a 3 days competitive coding and innovation challenge where participants built solutions from scratch. The event promoted creativity, teamwork, and rapid development. Position secured: Participant. Date: January 25, 2024. ID: REF/78810RA",,HackWithInfy,Microsoft Learn Student Ambassadors,HackWithInfy,"January 25, 2024",Hackathon,synthetic_v1
994d2185-99d,"HANDS-ON TRAINING WORKSHOP. Certificate awarded to Nicole Nair for active participation in the Full Stack Development workshop organized by the Department of Computer Science, Kumaraguru College of Technology. Duration: 1 day. Topics covered: Introduction, Core Concepts, Advanced Techniques, Real-world Applications. Date: 23 April 2025",,Workshop on Full Stack Development,Kumaraguru College of Technology,Workshop: Full Stack Development,23 April 2025,Workshop,synthetic_v1
6537966e-289,"HACKATHON WINNER CERTIFICATE. This is to certify that Sneha Bhat secured Participant at MLH Hackathon organized by Amrita Vishwa Vidyapeetham on 11-07-2021. The 3 days intensive competition tested skills in problem analysis, solution design, coding, and presentation. Prize category: Best Technical Implementation.",,MLH Hackathon,Amrita Vishwa Vidyapeetham,MLH Hackathon,11-07-2021,Hackathon,synthetic_v1
e1662627-d0c,"NATIONAL LEVEL TECHNICAL CONTEST. Robotics Challenge. This certifies that Nithya Rao represented their institution at the national level competition organized by Indian Institute of Technology Madras. The event tested algorithmic thinking, coding speed, and accuracy. Result: Participant. 19/07/2026",,Robotics Challenge,Indian Institute of Technology Madras,Robotics Challenge,19/07/2026,Technical Competition,synthetic_v1
0a629978-b46,VOLUNTEER 5ERVICE CERTIFICATE. This is to certify thot Pooja Bhat volunteered for the Tree Plantotion Drive oganized by National Service Scheme. The  volunteer contributed 20 hours of service. Date: 17/09/2021. The volunteer demonstrated exceptional commltment to community service. Ccrtficate ID: NO/21996ITP,,Tree Plantation Drive,National Service Scheme,Tree Plantation Drive,17/09/2021,Volunteer Activity,synthetic_v1
5aa5e980-50a,ANNUAL SPORTS DAY CERTIFICATE. National Institute of Technology Trichy. This certificate is awarded to Pooja Chatterjee for participating in Basketball during the Annual Sports Day held on 02/02/2022. The event promoted athletic excellence and team spirit among students. Achievement: Participant.,,Basketball - University Sports Meet,National Institute of Technology Trichy,University Sports Meet,02/02/2022,Sports,synthetic_v1
7e693be4-6be,"We hereby certify that Varsha Patel attended the workshop titled 'Cybersecurity: From Theory to Practice' conducted by Kumaraguru College of Technology on 2023-04-08. The workshop spanned 1 week and included lectures, demonstrations, and lab sessions. Certificate No: CRT/85340",,Workshop on Cybersecurity,Kumaraguru College of Technology,Workshop: Cybersecurity,2023-04-08,Workshop,synthetic_v1
4afb147d-71d,Certificate of Participation. Akilesh Bhat participated in the Drama Performance during Annual Day Celebration held at Anna University on 03/03/2020. The event showcased the artistic abilities and cultural talents of students from various departments. Achievement: Third Place.,,Drama Performance - Annual Day Celebration,Anna University,Annual Day Celebration,03/03/2020,Cultural Activity,synthetic_v1
52d9749c-678,ACADEMIC CONFERENCE CERTIFICATE. International Conference on Cloud Computing and Big Data hosted by National Institute of Technology Trichy. Participant: Michael Verma. Role: Poster Presenter. Date: 28-04-2025. The conference brought together researchers and practitioners from across the country to discuss advances in technology.,,International Conference on Cloud Computing and Big Data,National Institute of Technology Trichy,International Conference on Cloud Computing and Big Data,28-04-2025,Conference,synthetic_v1
91645974-9d3,GUEST LECTURE CERTIFICATE. Keerthana Nair ottended the guest lcture on Artificial Intelligence delivered by Nicole Martinez at Anna University on 07/01/2023. The lecture covered foundationalconcepts and state-of-the-art developments. Organized by the epartment of Computer Science.,,Seminar on Artificial Intelligence,Anna University,Seminar: Artificial Intelligence,07/01/2023,Seminar,synthetic_v1
390d9dda-6d6,SOCIAL SERVICE CERTIFICATE. Awarded to Ramesh Gupta for participating in the Road Safety Awareness conducted by NSS Unit on 2020-01-01. The volunteer actively participated in planning and execution. This certificate acknowledges the spirit of social responsibility. Hours: 82.,,Road Safety Awareness,NSS Unit,Road Safety Awareness,2020-01-01,Volunteer Activity,synthetic_v1
b2e9e2b9-822,"ATHLETIC ACHIEVEMENT CERTIFICATE. PSG College of Technology Sports Committee certifies that Ramesh Singh participated in the Football competition during the Zonal Level Competition on 2021-04-23. The event promoted physical fitness, teamwork, and healthy competition among students. Standing: Winner.",,Football - Zonal Level Competition,PSG College of Technology,Zonal Level Competition,2021-04-23,Sports,synthetic_v1
48606ca8-b89,Inter-College Sports Tournament. Certificate awarded to Vikram Rodriguez for outstanding performance in Football. Organized by National Institute of Technology Trichy. The tournament featured teams from multiple institutions and departments. Result: Second Place. Date: 06 June 2024. Ref: DOC-44772ODS,,Football - Inter-College Sports Tournament,National Institute of Technology Trichy,Inter-College Sports Tournament,06 June 2024,Sports,synthetic_v1
78acf0c7-e0a,"TO WHOM IT MAY CONCERN. This is to certify that Emily Pillai was employed as a Full Stack Development Intern at TCS for a duration of 6 weeks. The intern demonstrated competence in software development practices, collaborative teamwork, and technical problem-solving. We wish them success in future endeavors. Date: 2023-05-20. Employee ID: CERT-1285U",,Full Stack Development Intern - TCS,TCS,Internship,2023-05-20,Internship,synthetic_v1
9f38ef9e-cb8,SPORTS ACHIEVEMENT CERTIFICATE. This is to certify that Arun Iyer participated in Throwball at the Inter-College Sports Tournament organized by PSG College of Technology. Position secured: Winner. The tournament was held on 10 August 2024. Certificate No: REF/47547W,,Throwball - Inter-College Sports Tournament,PSG College of Technology,Inter-College Sports Tournament,10 August 2024,Sports,synthetic_v1
c35294da-55c,UNIVERSITY SPORTS CERTIFICATE. BITS Pilani awards this certificate to Ashley Nair for representing the institution in Marathon at the University Sports Meet. The athlete showed remarkable performance and competitive spirit. Result: Runner Up. Event Date: 15-06-2024. Player ID: DOC/45091U,,Marathon - University Sports Meet,BITS Pilani,University Sports Meet,15-06-2024,Sports,synthetic_v1
238936db-828,"Mphasis Learning Platform. CERTIFICATE OF ACHIEVEMENT. This certificate is awarded to Divya Williams for completing the Meta Front-End Developer Professional Certificate program. The learner has completed all required courses, hands-on labs, and assessments. Hours of learning: 54. Completed on: 2024-06-10",,Meta Front-End Developer,Mphasis,Certification Examination,2024-06-10,Certification,synthetic_v1
23fc4cef-048,"SUMMER INTERNSHIP CERTIFICATE. LTI. We are pleased to certify that Varsha Patel has undergone industrial training as a DevOps Intern at our organization for 2 weeks. The training was conducted under the supervision of senior engineers and the intern performed satisfactorily. Certificate No: CERT80761JQG. Date: May 20, 2026",,DevOps Intern - LTI,LTI,Internship,"May 20, 2026",Internship,synthetic_v1
a92342aa-ddc,Webinar Attendance Certificate. This certificate confirms that Pooja Agarwal attended the online seminar on Deep Learning organized by Madras Christian College. Date: 10-07-2022. Duration: 1 hour. The webinar featured interactive sessions and Q&A with speaker Anjali Rodriguez.,,Seminar on Deep Learning,Madras Christian College,Seminar: Deep Learning,10-07-2022,Seminar,synthetic_v1
5090d877-15c,"Webinar Attendance Certificate. This certificate confirms that Hari Menon attended the online seminar on Mobile App Development organized by IIIT Hyderabad. Date: May 23, 2023. Duration: 90 minutes. The webinar featured interactive sessions and Q&A with speaker Shreya Das.",,Seminar on Mobile App Development,IIIT Hyderabad,Seminar: Mobile App Development,"May 23, 2023",Seminar,synthetic_v1
20c9f0bd-891,"NSS/NCC CERTIFICATE. This certifies that Sanjay Chatterjee has actively participated in the Women Empowerment Workshop organized by Rotaract Club. The activity was part of the community outreach program aimed at social welfare. Service hours: 193. Date: December 14, 2023. Unit: NO46123EU",,Women Empowerment Workshop,Rotaract Club,Women Empowerment Workshop,"December 14, 2023",Volunteer Activity,synthetic_v1
6bdf0a73-b4c,This certificate is awarded to Nicole Chatterjee for attending the National Symposium on Data Science held at Thiagarajar College of Engineering on 01/07/2024. The conference covered cutting-edge research in computer science and engineering. Total papers presented: 160. Keynote sessions: 7. Certificate ID: CERT42431KX,,National Symposium on Data Science,Thiagarajar College of Engineering,National Symposium on Data Science,01/07/2024,Conference,synthetic_v1
e42494e4-f60,Mood Indigo. PSG College of Technology. Certificate of Achievement. Awarded to Venkat Banerjee for participation in Stand-up Comedy. The cultural event brought together talented performers and artists from across the institution. Standing: Participant. Date: 19 December 2024,,Stand-up Comedy - Mood Indigo,PSG College of Technology,Mood Indigo,19 December 2024,Cultural Activity,synthetic_v1
1ef1653e-833,"INT ERNSHIP COMPLETON CERTIFICATE. This is to certify that Deepak Wilson has successfully ompleted an internshipat Wipro as a Frontend Development Intern. Duation: 1 months. During the iternship, the condidate worked on real-wold projects and demonstrated strong technical skills and professiorial conduct. Date: March 07, 2025. HR Reference: REF50811Y",,Frontend Development Intern - Wipro,Wipro,Internship,"March 07, 2025",Internship,synthetic_v1
f4f10daf-b5c,CULTURAL ACTIVITY CERTIFICATE. This is to certify that Ganesh Pillai participated in Debate Competition at Annual Day Celebration organized by VIT University. The student demonstrated exceptional artistic talent and creativity. Position: Participant. Date: 16-11-2025. Certificate ID: DOC/41111,,Debate Competition - Annual Day Celebration,VIT University,Annual Day Celebration,16-11-2025,Cultural Activity,synthetic_v1
0b7c62ef-3f8,Certificate of Appreciation. Youth Red Cross appreciates the voluntary srvice of Kavitha Chatterjee during the COVID-19 Relief Work. The volunteer playcd a key role in the success of the initlative. Impact: High. Date: 04-09-2026.,,COVID-19 Relief Work,Youth Red Cross,COVID-19 Relief Work,04-09-2026,Volunteer Activity,synthetic_v1
a69196d1-25a,"TO WHOM IT MAY CONCERN. This is to certify that Lakshmi Davis was employed as a AI Engineering Intern at Accenture for a duration of 8 weeks. The intern demonstrated competence in software development practices, collaborative teamwork, and technical problem-solving. We wish them success in future endeavors. Date: 27-04-2021. Employee ID: ID52592X",,AI Engineering Intern - Accenture,Accenture,Internship,27-04-2021,Internship,synthetic_v1
399b3c2d-a4d,This certificate is awarded to Deepak Bhat for successfully participating in the Code4Change organized by Manipal Institute of Technology. The hackathon was held on 07/01/2023 and lasted 48 hours. The participant demonstrated innovative problem-solving and coding skills. Position: Runner Up. Certificate ID: NO29157UH,,Code4Change,Manipal Institute of Technology,Code4Change,07/01/2023,Hackathon,synthetic_v1
5bb9acb9-0de,Certificate of Cultural Excellence. Anjali Chatterjee participated in Cooking Competition at Pragyan. Organized by PSG College of Technology on 08/01/2024. The event featured participants from 25 colleges. Category: Group. Achievement: Second Place.,,Cooking Competition - Pragyan,PSG College of Technology,Pragyan,08/01/2024,Cultural Activity,synthetic_v1
2d3d894e-343,"INTERNSHIP EXPERIENCE LETTER. Microsoft. Pooja Bhat worked with us as a Quality Assurance Intern for 4 weeks. Key responsibilities included coding, testing, documentation, and participation in sprint planning. The intern showed dedication and strong learning ability. Recommendation: Strong. Date of issue: 20 January 2020",,Quality Assurance Intern - Microsoft,Microsoft,Internship,20 January 2020,Internship,synthetic_v1
bf1bf9c1-783,"INTERNATIONAL CONFERENCE CERTIFICATE. International Conference on Artificial Intelligence. We certify that Tanvi Bhat attended the international conference organized by BITS Pilani. The conference was held on August 09, 2022 with participation from researchers across the globe. Theme: Innovations in Computing.",,International Conference on Artificial Intelligence,BITS Pilani,International Conference on Artificial Intelligence,"August 09, 2022",Conference,synthetic_v1
4672ff01-4b6,"HACKATHON WINNER CERTIFICATE. This is to certify that Manoj Bhat secured Participant at Code4Change organized by National Institute of Technology Trichy on 30-01-2020. The 48 hours intensive competition tested skills in problem analysis, solution design, coding, and presentation. Prize category: Best Technical Implementation.",,Code4Change,National Institute of Technology Trichy,Code4Change,30-01-2020,Hackathon,synthetic_v1
8d3b899f-154,SCHOLARSHIP CERTIFICATE. Jennifer Brown has been awarded the Merit Scholarship for Academic Excellence by Bharathiar University for maintaining an outstanding academic record. The scholarship covers tuition and academic fees. Academic Year 2024-2025. Certificate No: CRT16906DMN. Date: 17/07/2025,,Academic Achievement Certificate,Bharathiar University,Academic Examinations,17/07/2025,Academic Achievement,synthetic_v1
7d1c94a4-ba3,"Certificate of Participation. This certifies that James Joshi participated in the International Conference on Cloud Computing and Big Data organized by Microsoft Learn Student Ambassadors held on March 20, 2020. The conference featured paper presentations, keynote addresses, and panel discussions on emerging technologies. Certificate No: REF-48262O",,International Conference on Cloud Computing and Big Data,Microsoft Learn Student Ambassadors,International Conference on Cloud Computing and Big Data,"March 20, 2020",Conference,synthetic_v1
4c77143a-5e3,"Certificate of Achievement. Sneha Joshi and team are recognized for their participation in Innovation Challenge. Organized by IEEE Computer Society on January 27, 2026. Duration: 3 days. The team built an innovative solution using modern technology stack. Standing: Best Performance. Team Size: 3 members.",,Innovation Challenge,IEEE Computer Society,Innovation Challenge,"January 27, 2026",Hackathon,synthetic_v1
4e351598-f78,VERIFIED CERTIFICATE. This is to confirm that Sarah Sharma has passed the Meta Front-End Developer examination and is certified by JPMorgan Chase. The certification validates expertise in the relevant domain and demonstrates commitment to professional development. Issue Date: 24-07-2024,,Meta Front-End Developer,JPMorgan Chase,Certification Examination,24-07-2024,Certification,synthetic_v1
733f60c3-07c,Certificate of Completion. Rohan Johnson has successfully completed the AWS Solutions Architect Associate course on Accenture. Duration: 2 months. Modules completed: 20. Final assessment score: 100%. Issued: 08-04-2022. Certificate No: ID23273C,,AWS Solutions Architect Associate,Accenture,Certification Examination,08-04-2022,Certification,synthetic_v1
7be6674a-542,"This certificate is awarded to Ganesh Nair for successful completion of the UI/UX Design Intern internship program at Oracle. The intern worked for 4 months and gained hands-on experience in software engineering, agile development, and deployment processes. The work was of high quality and met professional standards. Signed by the Engineering Director. March 20, 2023",,UI/UX Design Intern - Oracle,Oracle,Internship,"March 20, 2023",Internship,synthetic_v1
c5f5bf67-2bf,"SYMPOSIUM PARTICIPATION CERTIFICATE. International Conference on Machine Learning and Applications. Organized by BITS Pilani. Date: 2023-01-31. This certificate acknowledges the participation of William Rao in the national symposium. The event included invited talks, panel discussions, and poster presentations on recent developments.",,International Conference on Machine Learning and Applications,BITS Pilani,International Conference on Machine Learning and Applications,2023-01-31,Conference,synthetic_v1
f3d4d551-c18,Certificate of Participation. This is to certify that Prasad Martinez has successfully participated in the workshop on API Development organized by SRM Institute of Science and Technology. Duration: 1 week. The workshop covered theoretical concepts and hands-on exercises. Date: 2021-08-06. Certificate ID: REF45740,,Workshop on API Development,SRM Institute of Science and Technology,Workshop: API Development,2021-08-06,Workshop,synthetic_v1
8f812fac-bc9,"This certificate is presented to Bhavana Kumar in recognition of artistic contribution to Dance Competition held during Festember at Anna University. The participant exhibited remarkable talent and stage presence. Judge remarks: Commendable performance. Date: February 26, 2024",,Dance Competition - Festember,Anna University,Festember,"February 26, 2024",Cultural Activity,synthetic_v1
8e9671f5-c1d,HUMANITARIAN SERVICE CERTIFICATE. Swathi Nair contributed to the Food Distribution Drive organized by Lions Club. This certificate recognizes the volunteer's commitment to making a positive impact on society. Service period: 144 hours. Issued on: 2022-06-28. Certificate No: CERT41676U,,Food Distribution Drive,Lions Club,Food Distribution Drive,2022-06-28,Volunteer Activity,synthetic_v1
490fea6b-983,"This certificate recognizes Stephanie Bhat for excellence in Inter-College Programming Contest organized by IIIT Hyderabad on 11/12/2026. The competition involved multiple rounds of technical challenges including coding, debugging, and system design. Final standing: Participant. Certificate ID: CERT-7629AG",,Inter-College Programming Contest,IIIT Hyderabad,Inter-College Programming Contest,11/12/2026,Technical Competition,synthetic_v1
a41b6055-0b3,This certificate is presented to Sarah Nair for participation in Carrom at the Zonal Level Competition conducted by Anna University. The student demonstrated dedication and skill throughout the tournament. Level: Department. Position: Participant. 26/08/2025,,Carrom - Zonal Level Competition,Anna University,Zonal Level Competition,26/08/2025,Sports,synthetic_v1
15942f4f-3a4,PROFESSIONAL CERTIFICATION. Adobe hereby certifies that Nicole Gupta has earned the Cisco Certified Network Associate credential. Examination Score: 878/1000. Certification Date: 22/06/2023. Validation Code: NO-90762HAD. Verify at adobe.com/verify,,Cisco Certified Network Associate,Adobe,Certification Examination,22/06/2023,Certification,synthetic_v1
6dc74cc0-c77,"This is to certify that Varsha Rodriguez has achieved outstanding academic performance and is awarded the Certificate of Academic Excellence by SRM Institute of Science and Technology. Date: July 22, 2022. The student has demonstrated exceptional skills in coursework and examination. Certificate ID: DOC98481UIS",,Academic Achievement Certificate,SRM Institute of Science and Technology,Academic Examinations,"July 22, 2022",Academic Achievement,synthetic_v1
a81c0494-a45,VOLUNTEER SERVICE CERTIFICATE. This is to certify that Deepak Bhat volunteered for the Beach Cleanup Campaign organized by Indian Society for Technical Education. The volunteer contributed 140 hours of service. Date: 2024-11-27. The volunteer demonstrated exceptional commitment to community service. Certificate ID: REF-89144AJ,,Beach Cleanup Campaign,Indian Society for Technical Education,Beach Cleanup Campaign,2024-11-27,Volunteer Activity,synthetic_v1
8461e844-988,NATIONAL SEMINAR CERTIFICATE. Thiagarajar College of Engineering organized a National Level Seminar on Web Development on 22-01-2024. This certificate is issued to Keerthana Rao for attending all sessions of the seminar. Eminent speakers from academia and industry shared their expertise. Chief Guest: Tanvi Garcia.,,Seminar on Web Development,Thiagarajar College of Engineering,Seminar: Web Development,22-01-2024,Seminar,synthetic_v1
41d31eec-085,VOLUNTEER SERVICE CERTIFICATE. This is to certify that Karthik Banerjee volunteered for the Water Conservation Drive organized by Indian Institute of Technology Madras. The volunteer contributed 162 hours of service. Date: 21 June 2022. The volunteer demonstrated exceptional commitment to community service. Certificate ID: CRT-65235S,,Water Conservation Drive,Indian Institute of Technology Madras,Water Conservation Drive,21 June 2022,Volunteer Activity,synthetic_v1
f7463f74-f58,VOLUNTEER SERVICE CERTIFICATE. This is to certify that Daniel Wilson volunteered for the Digital Literacy Program organized by UNICEF India. The volunteer contributed 109 hours of service. Date: 01-08-2022. The volunteer demonstrated exceptional commitment to community service. Certificate ID: REF66595U,,Digital Literacy Program,UNICEF India,Digital Literacy Program,01-08-2022,Volunteer Activity,synthetic_v1
5db05b80-eff,"LETTER OF COMPLETION. Naveen Das has completed the Data Science Intern program at Mphasis. Duration: 11 weeks. Project: Cloud Migration Tool. Technologies used: Python, JavaScript, SQL, Cloud Services. Manager signature included. Date: 08/08/2026",,Data Science Intern - Mphasis,Mphasis,Internship,08/08/2026,Internship,synthetic_v1
53dc135d-5ae,"TECHNICAL COMPETITION CERTIFICATE. Wipro Elite Challenge. Indian Institute of Technology Madras certifies that Bhavana Pillai competed in the technical competition and demonstrated strong analytical and programming skills. Round cleared: Final. Result: Winner. Date: March 26, 2025",,Wipro Elite Challenge,Indian Institute of Technology Madras,Wipro Elite Challenge,"March 26, 2025",Technical Competition,synthetic_v1
4b12c067-d91,Certificate of Participation. This is to certify that Varsha Agarwal has successfully participated in the workshop on Flutter Development organized by ACM Student Chapter. Duration: 1 week. The workshop covered theoretical concepts and hands-on exercises. Date: 2025-03-22. Certificate ID: ID75569JFT,,Workshop on Flutter Development,ACM Student Chapter,Workshop: Flutter Development,2025-03-22,Workshop,synthetic_v1
876700b6-ef2,"We certify that Emily Srinivasan participated in Code for Good conducted by Freshworks. This was a 48 hours competitive coding and innovation challenge where participants built solutions from scratch. The event promoted creativity, teamwork, and rapid development. Position secured: Participant. Date: 2023-12-12. ID: CERT54864GVN",,Code for Good,Freshworks,Code for Good,2023-12-12,Hackathon,synthetic_v1
6fbbcc84-c32,WORKSHOP COMPLETION CERTIFICATE. Sri Krishna College of Technology certifies that Lakshmi Singh has completed the 3 days hands-on workshop on DevOps. The participant demonstrated practical understanding and completed all assigned exercises. Issued on 2026-10-08.,,Workshop on DevOps,Sri Krishna College of Technology,Workshop: DevOps,2026-10-08,Workshop,synthetic_v1
852f898b-2c1,Certificate of Participation. Seminar on Database Management. Participant: Rajesh Brown. Venue: SSN College of Engineering. Date: 04/06/2024. Keynote Speaker: Vikram Brown. The seminar explored theoretical underpinnings and practical applications of the subject. Ref: ID-56881A,,Seminar on Database Management,SSN College of Engineering,Seminar: Database Management,04/06/2024,Seminar,synthetic_v1
4523c11e-a20,"Industrial Training Certificate. This certifies that Sneha Menon has completed industrial training at Cisco in the capacity of Product Management Intern. Training duration: 5 days. The candidate demonstrated satisfactory performance and professional ethics. Grade: A. Issued: December 13, 2022. Reference: REF42015QTF",,Product Management Intern - Cisco,Cisco,Internship,"December 13, 2022",Internship,synthetic_v1
a3b7b1fd-3c9,NSS/NCC CERTIFICATE. This certifies that Kavitha Mukherjee has actively participated in the COVID-19 Relief Work organized by UNICEF India. The activity was part of the community outreach program aimed at social welfare. Service hours: 76. Date: 29 July 2026. Unit: REF37751,,COVID-19 Relief Work,UNICEF India,COVID-19 Relief Work,29 July 2026,Volunteer Activity,synthetic_v1
ec33e33c-d06,This certificate is presented to Nithya Brown in recognition of artistic contribution to Singing Competition held during Festember at Manipal Institute of Technology. The participant exhibited remarkable talent and stage presence. Judge remarks: Commendable performance. Date: 2020-07-20,,Singing Competition - Festember,Manipal Institute of Technology,Festember,2020-07-20,Cultural Activity,synthetic_v1
2770d8b8-b7d,Certificate of Cultural Excellence. Varsha Garcia participated in Fashion Show at Techofes. Organized by Indian Institute of Technology Madras on 04 November 2025. The event featured participants from 17 colleges. Category: Group. Achievement: Participant.,,Fashion Show - Techofes,Indian Institute of Technology Madras,Techofes,04 November 2025,Cultural Activity,synthetic_v1
a9afdc24-e6d,Certificate of Merit. Keerthana Sharma demonstrated exceptional technical prowess in TopCoder Open organized by National Institute of Technology Trichy. The contest featured challenging problems in computer science and software engineering. Achievement: Participant. Date of competition: 04 October 2022. Ref: CERT-71667PB,,TopCoder Open,National Institute of Technology Trichy,TopCoder Open,04 October 2022,Technical Competition,synthetic_v1
60ca1c56-b27,Innovation Challenge Certificate of Participation. Rahul Nair is commended for participating in the coding hackathon organized by IEEE Computer Society. The hackathon brought together talented developers to solve pressing challenges through technology and innovation. Duration: 24 hours. Date: 19-09-2023. Ref: CRT-26263H,,Innovation Challenge,IEEE Computer Society,Innovation Challenge,19-09-2023,Hackathon,synthetic_v1
c48e1bbe-e0a,"This certificate is awarded to Jessica Kumar for successful completion of the Mobile App Development Intern internship program at LTI. The intern worked for 5 days and gained hands-on experience in software engineering, agile development, and deployment processes. The work was of high quality and met professional standards. Signed by the Engineering Director. 28-12-2025",,Mobile App Development Intern - LTI,LTI,Internship,28-12-2025,Internship,synthetic_v1
8f1acaa4-fc7,Certificate of Merit. Indian Institute of Technology Madras hereby certifies that Kavitha Jones has secured First Class with Distinction in the semester examinations held during the academic year. The student is recognized for outstanding academic achievement. Issued on 04/06/2026.,,Academic Achievement Certificate,Indian Institute of Technology Madras,Academic Examinations,04/06/2026,Academic Achievement,synthetic_v1
cf13f6b5-dcd,VERIFIED CERTIFICATE. This is to confirm that Venkat Nair has passed the AWS Certified Cloud Practitioner examination and is certified by LinkedIn Learning. The certification validates expertise in the relevant domain and demonstrates commitment to professional development. Issue Date: 12 October 2020,,AWS Certified Cloud Practitioner,LinkedIn Learning,Certification Examination,12 October 2020,Certification,synthetic_v1
2121820e-ef4,Certificate of Paper Presentation. Meera Chatterjee presented research work on the topic of Internet of Things at Conference on Advances in Computer Vision organized by Microsoft Learn Student Ambassadors. The presentation was well received by the academic community. Conference Date: 31 March 2024. Session: Technical Track 1.,,Conference on Advances in Computer Vision,Microsoft Learn Student Ambassadors,Conference on Advances in Computer Vision,31 March 2024,Conference,synthetic_v1
cf00d3d6-448,INTER-COLLEGE TECHNICAL COMPETITION. ACM ICPC. Certificate awarded to Riya Singh from SSN College of Engineering for participating in the competition hosted by TCS. Event type: Technical. Category: Programming. Level: College/University. Result: Special Mention. Date: 26/11/2026,,ACM ICPC,TCS,ACM ICPC,26/11/2026,Technical Competition,synthetic_v1
e4c35c42-908,"INTERNSHIP EXPERIENCE LTTER. PayPal. Stephanie Sharma wonked with us as a Full Stack Development Intern for 4 days. Key responsibilities included coding, e stlng, docu mentation, and participation iri sprint planning. The intern showed dedication and strong learning abil ity. Recommendation: Strong. Date of issue: 24/06/2026",,Full Stack Development Intern - PayPal,PayPal,Internship,24/06/2026,Internship,synthetic_v1
24d52e49-3bc,"This certificate is awarded to Jennifer Chatterjee for successful completion of the DevOps Intern internship program at SAP Labs. The intern worked for 2 months and gained hands-on experience in software engineering, agile development, and deployment processes. The work was of high quality and met professional standards. Signed by the Engineering Director. September 14, 2020",,DevOps Intern - SAP Labs,SAP Labs,Internship,"September 14, 2020",Internship,synthetic_v1
ff84f1e7-51c,This certificate is presented to Harini Kumar in recognition of artistic contribution to Music Festival held during Arts Festival at Manipal Institute of Technology. The participant exhibited remarkable talent and stage presence. Judge remarks: Commendable performance. Date: 05-01-2021,,Music Festival - Arts Festival,Manipal Institute of Technology,Arts Festival,05-01-2021,Cultural Activity,synthetic_v1
fc6761dc-c9b,This certifies that Deepak Davis has successfully completed the Salesforce Administrator certification program offered by LTI. The candidate has demonstrated proficiency in all required domains and passed the certification examination. Certificate ID: ID-37872. Date of certification: 2022-05-21. This credential is valid for 3 years.,,Salesforce Administrator,LTI,Certification Examination,2022-05-21,Certification,synthetic_v1
87e361c9-035,COLLEGE FEST PARTICIPATION CERTIFICATE. Milan. Event: Mimicry Show. Participant: Hari Rodriguez. College: BITS Pilani. Date: 2020-03-10. The annual cultural festival celebrated the artistic and creative spirit of students. Position: Participant. Certificate No: REF/62662Q,,Mimicry Show - Milan,BITS Pilani,Milan,2020-03-10,Cultural Activity,synthetic_v1
cf469e1a-1d1,"We hereby certify that Amanda Pillai attended the workshop titled 'Machine Learning: From Theory to Practice' conducted by ACM Student Chapter on August 19, 2021. The workshop spanned 1 week and included lectures, demonstrations, and lab sessions. Certificate No: CRT/36002OGU",,Workshop on Machine Learning,ACM Student Chapter,Workshop: Machine Learning,"August 19, 2021",Workshop,synthetic_v1
16fc9af5-1c8,"INVITED TALK CERTIFICATE. Ashwin Rodriguez is certified to have attended the invited talk on 5G Technology by Amanda Banerjee organized by Anna University. The talk discussed emerging trends, challenges, and opportunities in the field. 28 December 2022. No: CERT-18248GU",,Seminar on 5G Technology,Anna University,Seminar: 5G Technology,28 December 2022,Seminar,synthetic_v1
66944caa-8bb,Certificate of Atte ndance. Indian Institute of Technology Madras conducted a workshop n Deep Learning on 2020-06-29. This certificate confirms that Hari Pil1ai attended all sesslons spanning 1 day. The workshop provided comprehen sive training in both theoretical foundations and pratical applications.,,Workshop on Deep Learning,Indian Institute of Technology Madras,Workshop: Deep Learning,2020-06-29,Workshop,synthetic_v1
2bafbc47-8d6,This certifies that Vikram Banerjee attended the technical seminar titled 'Data Science: Current Trends and Future Prospects' conducted by Linux Foundation. The seminar featured industry expert Lakshmi Davis and covered topics of current relevance. Date: 15 November 2023,,Seminar on Data Science,Linux Foundation,Seminar: Data Science,15 November 2023,Seminar,synthetic_v1
4f5e5c97-6b0,"NATIONAL SEMINAR CERTIFICATE. ACM Student Chapter organized a National Level Seminar on  Data Structures and Algorithms on January 20, 2020. This certificate is issued to William Wilson for attending all sessi0ns of the seminar. Eminent speakers from academia and industry shared t heir epertise. Chief Guest: Alex Williams.",,Seminar on Data Structures and Algorithms,ACM Student Chapter,Seminar: Data Structures and Algorithms,"January 20, 2020",Seminar,synthetic_v1
29a7f0b3-547,OUTREACH PROGRAM CERTIFICATE. Anna University conducted a Environmental Awareness Campaign event. Volunteer: Akilesh Menon. Role: Team Lead. The event was aimed at community welfare and social upliftment. Hours: 68. Date: 09/04/2021,,Environmental Awareness Campaign,Anna University,Environmental Awareness Campaign,09/04/2021,Volunteer Activity,synthetic_v1
2cd65b2e-5fa,"HUMANITARIAN SERVICE CERTIFICATE. Jennifer Chatterjee contributed to the Beach Cleanup Campaign organized by Youth Red Cross. This certificate recognizes the volunteer's commitment to making a positive impact on society. Service period: 158 hours. Issued on: September 07, 2024. Certificate No: CERT/16679ROW",,Beach Cleanup Campaign,Youth Red Cross,Beach Cleanup Campaign,"September 07, 2024",Volunteer Activity,synthetic_v1
9ee1506b-d10,This certifies that Meera Reddy has successfully completed the AWS Solutions Architect Associate certification program offered by IBM. The candidate has demonstrated proficiency in all required domains and passed the certification examination. Certificate ID: CERT/95186UYV. Date of certification: 12 May 2026. This credential is valid for 3 years.,,AWS Solutions Architect Associate,IBM,Certification Examination,12 May 2026,Certification,synthetic_v1
107bddce-889,Certificate of Cultural Excellence. David Patel participated in Art Exhibition at Inter-College Cultural Meet. Organized by Indian Institute of Technology Madras on 26/07/2021. The event featured participants from 22 colleges. Category: Duo. Achievement: Participant.,,Art Exhibition - Inter-College Cultural Meet,Indian Institute of Technology Madras,Inter-College Cultural Meet,26/07/2021,Cultural Activity,synthetic_v1
5091b853-3f0,Certificate of Attendance. PSG College of Technology conducted a workshop on Microservices Architecture on 18-02-2024. This certificate confirms that Manoj Davis attended all sessions spanning 1 week. The workshop provided comprehensive training in both theoretical foundations and practical applications.,,Workshop on Microservices Architecture,PSG College of Technology,Workshop: Microservices Architecture,18-02-2024,Workshop,synthetic_v1
e45a9086-134,"Digital Certificate. Vikram Patel is now a certified professional. Certification: MongoDB Certified Developer. Issuing Organization: Google. Exam passed on: December 06, 2025. Score: Pass. Badge earned. Credential ID: REF/15459M. This certificate does not expire.",,MongoDB Certified Developer,Google,Certification Examination,"December 06, 2025",Certification,synthetic_v1
b979397b-fae,"INVITED TALK CERTIFICATE. Naveen Rodriguez is certified to have attended the invited talk on Java Development by Swathi Davis organized by SSN College of Engineering. The talk discussed emerging trends, challenges, and opportunities in the field. May 24, 2025. No: ID/78434",,Seminar on Java Development,SSN College of Engineering,Seminar: Java Development,"May 24, 2025",Seminar,synthetic_v1
537255fb-904,"Certificate of Publication. Priya Iyer has published a research paper in the proceedings of International Symposium on Internet of Things organized by SSN College of Engineering. Paper title: 'A Study on Flutter Development using Machine Learning Approaches'. Published on: May 27, 2025. DOI: 10.5836/id-75475",,International Symposium on Internet of Things,SSN College of Engineering,International Symposium on Internet of Things,"May 27, 2025",Conference,synthetic_v1
a641eca8-5a0,"TO WHOM  IT MAY CONCERN. This is to certifytba Ashwin Garcia was employed as a Backend Development Intern at Mpbasis for a duration of 12 weeks. The intern demonstrated co mpetence in software development practices, collaborative teamwork, and technical problem-solving. We wish  them success in future endeavors. Date: 2026-03-30. Employee ID: NO/97869YJ",,Backend Development Intern - Mphasis,Mphasis,Internship,2026-03-30,Internship,synthetic_v1
782a2bee-731,INTER-COLLEGE TECHNICAL COMPETITION. Wipro Elite Challenge. Certificate awarded to Daniel Garcia from Anna University for participating in the competition hosted by IEEE Computer Society. Event type: Technical. Category: Programming. Level: College/University. Result: First Place. Date: 2023-05-10,,Wipro Elite Challenge,IEEE Computer Society,Wipro Elite Challenge,2023-05-10,Technical Competition,synthetic_v1
c1763b69-3b6,COMMUNITY SERVICE CERTIFICATE. Vikram Patel is recognized for selfless volunteer service during the Women Empowerment Workshop organized by Red Cross Society. The event served 394 beneficiaries. Duration of service: 133 hours. Date: 2022-09-14. Commendation: Exemplary service.,,Women Empowerment Workshop,Red Cross Society,Women Empowerment Workshop,2022-09-14,Volunteer Activity,synthetic_v1
887472a5-d3c,"HACKATHON WINNER  CERTIFICATE. This is to certify that Hri Pillai secured Participant ot DevPost Hackathon organized by Amrita Vishwa Vdyapeetham on 19-08- 202 5. The 24 hours intensive copetition tested skills in problem analysis, solution design, coding, and presentation. Prize category: Best Technical Implementation.",,DevPost Hackathon,Amrita Vishwa Vidyapeetham,DevPost Hackathon,19-08-2025,Hackathon,synthetic_v1
17d0b789-2f3,"This certificate is awarded to Nithya Menon for achieving the Best Outgoing Student Award from the Department of Information Technology, College of Engineering Guindy. The student has shown outstanding performance in academics, research, and extracurricular activities throughout their program. Dated: February 25, 2022",,Academic Achievement Certificate,College of Engineering Guindy,Academic Examinations,"February 25, 2022",Academic Achievement,synthetic_v1
590393e7-61b,"Certificate 0f Achivement Nicole Davis and team are recognized for their participation in TechGig Code Gladiators. Organized by Manipal Institute of Technology on May 27, 2020. Duration 36 hours. The team built an innovative solution using modern technology stack.Standing: Excellence Award. Team Size: 2 members.",,TechGig Code Gladiators,Manipal Institute of Technology,TechGig Code Gladiators,"May 27, 2020",Hackathon,synthetic_v1
be2cfbea-f50,This certificate is awarded to Ganesh Brown for attending the National Conference on Information Technology held at Microsoft Learn Student Ambassadors on 17/11/2026. The conference covered cutting-edge research in computer science and engineering. Total papers presented: 88. Keynote sessions: 4. Certificate ID: NO/74420VJ,,National Conference on Information Technology,Microsoft Learn Student Ambassadors,National Conference on Information Technology,17/11/2026,Conference,synthetic_v1
cc5ca3cd-14f,This certifies that Rohan Mukherjee attended the technical seminar titled 'Ethical Hacking: Current Trends and Future Prospects' conducted by SRM Institute of Science and Technology. The seminar featured industry expert Meera Agarwal and covered topics of current relevance. Date: 03 December 2023,,Seminar on Ethical Hacking,SRM Institute of Science and Technology,Seminar: Ethical Hacking,03 December 2023,Seminar,synthetic_v1
e68810c9-ab0,"HACKATHON WINNER CERTIFICATE. This is to certify that Priya Johnson secured Special Mention at Hack the Mountain organized by Zoho on April 17, 2025. The 24 hours intensive competition tested skills in problem analysis, solution design, coding, and presentation. Prize category: Best Technical Implementation.",,Hack the Mountain,Zoho,Hack the Mountain,"April 17, 2025",Hackathon,synthetic_v1
9a2bc49a-a84,"INVITED TALK CERTIFICATE. Hari Verma is certified to have attended the invited talk on Kubernetes by Rajesh Jones organized by Indian Institute of Technology Madras. The talk discussed emerging trends, challenges, and opportunities in the field. 30 January 2023. No: DOC-47358HMY",,Seminar on Kubernetes,Indian Institute of Technology Madras,Seminar: Kubernetes,30 January 2023,Seminar,synthetic_v1
3151e7d3-e2c,Certificate of Sports Participation. Suresh Banerjee represented their department in Carrom at the Annual Athletic Meet hosted by BITS Pilani on 09 June 2022. The player demonstrated excellent sportsmanship and athletic skills. Achievement: Second Place.,,Carrom - Annual Athletic Meet,BITS Pilani,Annual Athletic Meet,09 June 2022,Sports,synthetic_v1
28673f25-544,"CODING HACKATHON ACHIEVEMENT. SIH Grand Finale. Certifieate for Tanvi Sharma. Organized at TCS on 2022-03-04. Challenge type: Bu ld and deploy a workin appllcation in 36 hours. T echnologies u sed: Python, JavaScript, APIs, Cloud. Result: Best Performonce. Judge panel commendation received.",,SIH Grand Finale,TCS,SIH Grand Finale,2022-03-04,Hackathon,synthetic_v1
a474a8af-197,COMMUNITY SERVICE CERTIFICATE. Christopher Chatterjee is recognized for selfless volunteer service during the COVID-19 Relief Work organized by SRM Institute of Science and Technology. The event served 277 beneficiaries. Duration of service: 16 hours. Date: 25/04/2024. Commendation: Exemplary service.,,COVID-19 Relief Work,SRM Institute of Science and Technology,COVID-19 Relief Work,25/04/2024,Volunteer Activity,synthetic_v1
24d46f0d-30b,"Digital Certificate. Amanda Singh is now a certified professional. Certification: Red Hat Certified System Administrator. Issuing Organization: JPMorgan Chase. Exam passed on: April 09, 2024. Score: Pass. Badge earned. Credential ID: NO-22409. This certificate does not expire.",,Red Hat Certified System Administrator,JPMorgan Chase,Certification Examination,"April 09, 2024",Certification,synthetic_v1
88b76624-853,"Certificate of Participation. This certifies that Rajesh Williams participated in the National Conference on Cyber Security organized by Madras Christian College held on October 07, 2022. The conference featured paper presentations, keynote addresses, and panel discussions on emerging technologies. Certificate No: ID47972",,National Conference on Cyber Security,Madras Christian College,National Conference on Cyber Security,"October 07, 2022",Conference,synthetic_v1
f56dca07-4c0,INTER-COLLEGE TECHNICAL COMPETITION. ACM ICPC. Certificate awarded to Bhavana Wilson from Sri Krishna College of Technology for participating in the competition hosted by Amazon. Event type: Technical. Category: Programming. Level: College/University. Result: Excellence Award. Date: 14/12/2021,,ACM ICPC,Amazon,ACM ICPC,14/12/2021,Technical Competition,synthetic_v1
16344a33-5ce,Certificate of Cultural Excellence. Vikram Sharma participated in Fashion Show at Inter-College Cultural Meet. Organized by Amrita Vishwa Vidyapeetham on 11/06/2025. The event featured participants from 23 colleges. Category: Group. Achievement: Participant.,,Fashion Show - Inter-College Cultural Meet,Amrita Vishwa Vidyapeetham,Inter-College Cultural Meet,11/06/2025,Cultural Activity,synthetic_v1
671f5670-6c2,"This certificate is awarded to Lakshmi Banerjee for successful completion of the Product Management Intern internship program at Hexaware. The intern worked for 1 days and gained hands-on experience in software engineering, agile development, and deployment processes. The work was of high quality and met professional standards. Signed by the Engineering Director. 30-10-2024",,Product Management Intern - Hexaware,Hexaware,Internship,30-10-2024,Internship,synthetic_v1
abac4ab2-1fc,CULTURAL ACTIVITY CERTIFICATE. This is to certify that Keerthana Davis participated in Photography Contest at Festember organized by IIIT Hyderabad. The student demonstrated exceptional artistic talent and creativity. Position: Winner. Date: 26-01-2021. Certificate ID: CERT1626,,Photography Contest - Festember,IIIT Hyderabad,Festember,26-01-2021,Cultural Activity,synthetic_v1
7724e3d5-aea,"INTERNSHIP EXPERIENCE LETTER. Mphasis. Mohan Banerjee worked with us as a AI Engineering Intern for 1 days. Key responsibilities included coding, testing, documentation, and participation in sprint planning. The intern showed dedication and strong learning ability. Recommendation: Strong. Date of issue: 23 October 2021",,AI Engineering Intern - Mphasis,Mphasis,Internship,23 October 2021,Internship,synthetic_v1
cf189e8e-af4,This certificate is presented to Christopher Menon for attending the Faculty Development Programme and Workshop on Artificial Intelligence held at Kumaraguru College of Technology. The 2 days program covered latest trends and practical implementation strategies. Resource persons from industry and academia contributed. 2026-04-05,,Workshop on Artificial Intelligence,Kumaraguru College of Technology,Workshop: Artificial Intelligence,2026-04-05,Workshop,synthetic_v1
2490c2d9-551,This certificate is awarded to Christopher Iyer for attending the International Conference on Cloud Computing and Big Data held at IIIT Hyderabad on 2025-10-07. The conference covered cutting-edge research in computer science and engineering. Total papers presented: 82. Keynote sessions: 8. Certificate ID: NO/82652QI,,International Conference on Cloud Computing and Big Data,IIIT Hyderabad,International Conference on Cloud Computing and Big Data,2025-10-07,Conference,synthetic_v1
1e42159f-26a,Certificate of SportsParticipation. Jessica Davis represented their department in Table Tennis at  the Inter-Department Sports Day hosted by SRM Institute of Science and Technology on 30/05/2023. The playr demonstroted excellerit portsmanship and athlctic skills. Achievement: Participant.,,Table Tennis - Inter-Department Sports Day,SRM Institute of Science and Technology,Inter-Department Sports Day,30/05/2023,Sports,synthetic_v1
38c5032c-e7b,"Certificate of Achievement in Sports. Player: Arjun Srinivasan. Sport: Kabaddi. Event: South Zone Tournament. Venue: Indian Institute of Technology Madras. Date: May 12, 2022. Category: Individual. Level: Inter-College. Result: Second Place. Signed by: Sports Director.",,Kabaddi - South Zone Tournament,Indian Institute of Technology Madras,South Zone Tournament,"May 12, 2022",Sports,synthetic_v1
ffeb00eb-f3b,Digital Certificate. Riya Mukherjee is now a certified professional. Certification: Red Hat Certified System Administrator. Issuing Organization: Samsung. Exam passed on: 10 November 2023. Score: Pass. Badge earned. Credential ID: CRT/84962KP. This certificate does not expire.,,Red Hat Certified System Administrator,Samsung,Certification Examination,10 November 2023,Certification,synthetic_v1
d6689cf6-af4,Dean's List Certificate. Stephanie Miller is hereby placed on the Dean's List for the academic semester at Manipal Institute of Technology in recognition of exceptional academic performance and maintaining a GPA above 9.0 out of 10.0. 07 September 2022,,Academic Achievement Certificate,Manipal Institute of Technology,Academic Examinations,07 September 2022,Academic Achievement,synthetic_v1
b2df0d7f-91e,This is to certify that Daniel Singh has achieved outstanding academic performance and is awarded the Certificate of Academic Excellence by Madras Christian College. Date: 08 January 2021. The student has demonstrated exceptional skills in coursework and examination. Certificate ID: CERT/28973CPN,,Academic Achievement Certificate,Madras Christian College,Academic Examinations,08 January 2021,Academic Achievement,synthetic_v1
dc41d2f6-d30,This certificate is proudly presented to Nithya Rao for achieving Rank 1 in the university examinations conducted by Kongu Engineering College. The student has exhibited remarkable dedication to academic pursuits and intellectual growth. 20-06-2021,,Academic Achievement Certificate,Kongu Engineering College,Academic Examinations,20-06-2021,Academic Achievement,synthetic_v1
06be9bbd-234,"This certificate recognizes Venkat Kumar for excellence in National Coding Championship organized by Infosys on 05 March 2022. The competition involved multiple rounds of technical challenges including coding, debugging, and system design. Final standing: Excellence Award. Certificate ID: NO44618",,National Coding Championship,Infosys,National Coding Championship,05 March 2022,Technical Competition,synthetic_v1
d6794726-1fb,Rajesh Miller is hereby awarded this certificate for participation in CodeVita conducted by Indian Institute of Technology Madras. The contest challenged participants with complex algorithmic problems requiring efficient solutions within time constraints. Standing: Participant. Contest Date: 07/08/2022,,CodeVita,Indian Institute of Technology Madras,CodeVita,07/08/2022,Technical Competition,synthetic_v1
5146040f-444,This is to certify that Ashwin Davis has achieved outstanding academic performance and is awarded the Certificate of Academic Excellence by Anna University. Date: 2024-12-12. The student has demonstrated exceptional skills in coursework and examination. Certificate ID: CRT56725,,Academic Achievement Certificate,Anna University,Academic Examinations,2024-12-12,Academic Achievement,synthetic_v1
1260a149-890,"We hereby certify that Nicole Garcia attended the workshop titled 'API Development: From Theory to Practice' conducted by Manipal Institute of Technology on 2026-03-13. The workshop spanned 1 week and included lectures, demonstrations, and lab sessions. Certificate No: ID51344D",,Workshop on API Development,Manipal Institute of Technology,Workshop: API Development,2026-03-13,Workshop,synthetic_v1
c659d5d6-63d,"Digital Certificate. Rahul Chatterjee is now a certified professional. Certification: Oracle Certified Java Programmer. Issuing Organization: IBM. Exam passed on: April 28, 2021. Score: Pass. Badge earned. Credential ID: NO99939JRD. This certificate does not expire.",,Oracle Certified Java Programmer,IBM,Certification Examination,"April 28, 2021",Certification,synthetic_v1
079b8f3d-c0e,"COMMUNITY SERVICE CERTIFICATE. Daniel Joshi isrecognized for selfless volunteer service during the Disaster Relief Operation s organized by Leo Club. The event served 66 berieficiaries. Duration of service: 199 hours. Date: May 23, 2025. Commendation: Exemplary service.",,Disaster Relief Operations,Leo Club,Disaster Relief Operations,"May 23, 2025",Volunteer Activity,synthetic_v1
c88205b9-3d2,NSS/NCC CERTIFICATE. This certifies that Hari Banerjee has actively participated in the Child Education Initiative organized by UNICEF India. The activity was part of the community outreach program aimed at social welfare. Service hours: 79. Date: 15/02/2021. Unit: CRT-36548KCE,,Child Education Initiative,UNICEF India,Child Education Initiative,15/02/2021,Volunteer Activity,synthetic_v1
68722b49-7b8,NATIONAL LEVEL HACKATHON CERTIFICATE. AngelHack organized by National Institute of Technology Trichy. This certificate is proudly presented to Pooja Patel for outstanding coding performance and innovative thinking during the 24 hours hackathon competition. The participant worked on real-world challenges and presented a functional solution. Best Innovation. Date: 2023-02-08,,AngelHack,National Institute of Technology Trichy,AngelHack,2023-02-08,Hackathon,synthetic_v1
8bcf51d5-671,OUTREACH PROGRAM CERTIFICATE. UNICEF India conducted a Cleanliness Drive event. Volunteer: Ashwin Das. Role: Team Lead. The event was aimed at community welfare and social upliftment. Hours: 69. Date: 2022-09-13,,Cleanliness Drive,UNICEF India,Cleanliness Drive,2022-09-13,Volunteer Activity,synthetic_v1
7a150243-6ac,TECHNICAL WORKSHOP CERTIFICA TE. Manoj Verma successfully participated in the React.js bootcap organized by Indian Institute of Techno1ogy Madras. The 5 days intensive train ing included project-based learning and ssessment. Final project submitted and evaluated. Score: 90/100. Date: 03/07/2025,,Workshop on React.js,Indian Institute of Technology Madras,Workshop: React.js,03/07/2025,Workshop,synthetic_v1
cd44348c-25b,"Certificate of Paper Presentation. Ashley Mukherjee presented research work on the topic of Computer Vision at International Conference on Machine Learning and Applications organized by Microsoft Learn Student Ambassadors. The presentation was well received by the academic community. Conference Date: August 26, 2023. Session: Technical Track 1.",,International Conference on Machine Learning and Applications,Microsoft Learn Student Ambassadors,International Conference on Machine Learning and Applications,"August 26, 2023",Conference,synthetic_v1
53eff6e1-b93,This certificate is presented to Jessica Menon for participation in Marathon at the National Level Tournament conducted by SRM Institute of Science and Technology. The student demonstrated dedication and skill throughout the tournament. Level: Department. Position: Second Place. 03-02-2026,,Marathon - National Level Tournament,SRM Institute of Science and Technology,National Level Tournament,03-02-2026,Sports,synthetic_v1
eb630fe8-f26,TECHNICAL COMPETITION CERTIFICATE. HackerRank Challenge. ACM Student Chapter certifies that Christopher Mukherjee competed in the technical competition and demonstrated strong analytical and programming skills. Round cleared: Preliminary. Result: Best Performance. Date: 2022-12-15,,HackerRank Challenge,ACM Student Chapter,HackerRank Challenge,2022-12-15,Technical Competition,synthetic_v1
095221a1-c5f,Industrial Training Certificate. This certifies that Prasad Reddy has completed industrial training at Persistent Systems in the capacity of Machine Learning Intern. Training duration: 5 days. The candidate demonstrated satisfactory performance and professional ethics. Grade: A. Issued: 24-11-2026. Reference: NO15031PV,,Machine Learning Intern - Persistent Systems,Persistent Systems,Internship,24-11-2026,Internship,synthetic_v1
83058444-2d1,"HUMANITARIAN SERVICE CERTIFICATE. Meera Miller contributed to the Tree Plantation Drive organized by Leo Club. This certificate recognizes the volunteer's commitment to making a positive impact on society. Service period: 93 hours. Issued on: August 29, 2021. Certificate No: DOC-16369",,Tree Plantation Drive,Leo Club,Tree Plantation Drive,"August 29, 2021",Volunteer Activity,synthetic_v1
2f7d3e64-931,COLLEGE FEST PARTICIPATION CERTIFICATE. Pragyan. Event: Quiz Competition. Participant: Manoj Reddy. College: BITS Pilani. Date: 02/08/2026. The annual cultural festival celebrated the artistic and creative spirit of students. Position: Participant. Certificate No: DOC-33922NA,,Quiz Competition - Pragyan,BITS Pilani,Pragyan,02/08/2026,Cultural Activity,synthetic_v1
577e0593-f99,"Certificate of Participation. Pooja Garcia participated in the Music Festival during Antaragni held at Manipal Institute of Technology on June 14, 2025. The event showcased the artistic abilities and cultural talents of students from various departments. Achievement: Participant.",,Music Festival - Antaragni,Manipal Institute of Technology,Antaragni,"June 14, 2025",Cultural Activity,synthetic_v1
484aab66-aa9,Certificate of Participation. Anjali Kumar participated in the Cooking Competition during Festember held at Anna University on 2023-11-25. The event showcased the artistic abilities and cultural talents of students from various departments. Achievement: Participant.,,Cooking Competition - Festember,Anna University,Festember,2023-11-25,Cultural Activity,synthetic_v1
cebdb529-61f,"This certificate is awarded to Akilesh Srinivasan for successful completion of the UI/UX Design Intern internship program at KPMG. The intern worked for 2 months and gained hands-on experience in software engineering, agile development, and deployment processes. The work was of high quality and met professional standards. Signed by the Engineering Director. 25/08/2021",,UI/UX Design Intern - KPMG,KPMG,Internship,25/08/2021,Internship,synthetic_v1
cc4ce980-c97,This certificate is presented to Matthew Chatterjee for attending the Faculty Development Programme and Workshop on Kubernetes held at IIIT Hyderabad. The 5 days program covered latest trends and practical implementation strategies. Resource persons from industry and academia contributed. 2025-12-24,,Workshop on Kubernetes,IIIT Hyderabad,Workshop: Kubernetes,2025-12-24,Workshop,synthetic_v1
7a883240-eb0,ANNUAL SPORTS DAY CERTIFICATE. BITS Pilani. This certificate is awarded to Venkat Mukherjee for participating in Cricket during the Annual Sports Day held on 12-01-2020. The event promoted athletic excellence and team spirit among students. Achievement: First Place.,,Cricket - Zonal Level Competition,BITS Pilani,Zonal Level Competition,12-01-2020,Sports,synthetic_v1
79504d76-55e,OUTREACH PROGRAM CERTIFICATE. NCC Battalion conducted a Water Conservation Drive event. Volunteer: Sneha Johnson. Role: Team Lead. The event was aimed at community welfare and social upliftment. Hours: 77. Date: 20 September 2022,,Water Conservation Drive,NCC Battalion,Water Conservation Drive,20 September 2022,Volunteer Activity,synthetic_v1
81bacac9-0fd,"This certificate recognizes Amanda Kumar for excellence in Circuit Design Competition organized by Manipal Institute of Technology on January 24, 2022. The competition involved multiple rounds of technical challenges including coding, debugging, and system design. Final standing: Participant. Certificate ID: REF93987I",,Circuit Design Competition,Manipal Institute of Technology,Circuit Design Competition,"January 24, 2022",Technical Competition,synthetic_v1
67c9d2c9-296,"INTER-COLLEGE CULTURAL FEST CERTIFICATE. Milan organized by Anna University. This certificate recognizes Meera Kumar for participation in Fashion Show. The festival celebrated diversity in arts, culture, and creative expression. Result: Participant. Event Date: 29/11/2022",,Fashion Show - Milan,Anna University,Milan,29/11/2022,Cultural Activity,synthetic_v1
d98d5223-23b,"We hereby certify that Ashley Williams attended the workshop titled 'Data Structures and Algorithms: From Theory to Practice' conducted by Indian Institute of Technology Madras on 04 May 2020. The workshop spanned 3 days and included lectures, demonstrations, and lab sessions. Certificate No: NO25958YCU",,Workshop on Data Structures and Algorithms,Indian Institute of Technology Madras,Workshop: Data Structures and Algorithms,04 May 2020,Workshop,synthetic_v1
7961d3f4-5f2,Certificate of Sports Participation. Naveen Mukherjee represented their department in Kabaddi at the South Zone Tournament hosted by Amrita Vishwa Vidyapeetham on 06-03-2025. The player demonstrated excellent sportsmanship and athletic skills. Achievement: Second Place.,,Kabaddi - South Zone Tournament,Amrita Vishwa Vidyapeetham,South Zone Tournament,06-03-2025,Sports,synthetic_v1
5d013074-f9a,COMMUNITY SERVICE CERTIFICATE. Tanvi Kumar is recognized for selfless volunteer service during the Beach Cleanup Campaign organized by National Institute of Technology Trichy. The event served 235 beneficiaries. Duration of service: 191 hours. Date: 25 November 2023. Commendation: Exemplary service.,,Beach Cleanup Campaign,National Institute of Technology Trichy,Beach Cleanup Campaign,25 November 2023,Volunteer Activity,synthetic_v1
873d8496-85b,"UNIVERSITY SPORTS CERTIFICATE. Indian Institute of Technology Madras awards this certificate to Nithya Iyer for representing the institution in Marathon at the South Zone Tournament. The athlete showed remarkable performance and competitive spirit. Result: Runner Up. Event Date: February 17, 2023. Player ID: CERT6001DP",,Marathon - South Zone Tournament,Indian Institute of Technology Madras,South Zone Tournament,"February 17, 2023",Sports,synthetic_v1
f486f779-e55,"Digital Certificate. Ananya Sharma is now a certified professional. Certification: Red Hat Certified System Administrator. Issuing Organization: Mphasis. Exam passed on: May 16, 2024. Score: Pass. Badge earned. Credential ID: DOC-35046DT. This certificate does not expire.",,Red Hat Certified System Administrator,Mphasis,Certification Examination,"May 16, 2024",Certification,synthetic_v1
25b32062-3e4,"CONFERENCE PRESENTATION CERTIFICATE. ACM Conference on Software Engineering. This is to certify that William Davis presented a paper titled 'Advances in Mobile App Development' at the conference organized by College of Engineering Guindy on December 24, 2021. The paper was reviewed and accepted by the technical program committee. Paper ID: CRT-31071VTS",,ACM Conference on Software Engineering,College of Engineering Guindy,ACM Conference on Software Engineering,"December 24, 2021",Conference,synthetic_v1
1823c8d5-906,VOLUNTEER SERVICE CERTIFICATE. This is to certify that Varsha Miller volunteered for the Blood Donation Camp organized by NSS Unit. The volunteer contributed 189 hours of service. Date: 15 January 2026. The volunteer demonstrated exceptional commitment to community service. Certificate ID: DOC/6718,,Blood Donation Camp,NSS Unit,Blood Donation Camp,15 January 2026,Volunteer Activity,synthetic_v1
1e800eec-c79,NATIONAL SEMINAR CERTIFICATE. Anna University organized a National Level Seminar on Machine Learning on 21-12-2022. This certificate is issued to Lakshmi Srinivasan for attending all sessions of the seminar. Eminent speakers from academia and industry shared their expertise. Chief Guest: William Joshi.,,Seminar on Machine Learning,Anna University,Seminar: Machine Learning,21-12-2022,Seminar,synthetic_v1
92e5c55e-cb6,"CONTINUING EDUCATION CERTIFICATE. Ganesh Das has earned 49 Professional Development Units by ompleting the PMP Project Management Professional proram at Tech Mahindra. Areas covered include theortical foundations and practical applications. Dae: December 23, 2024",,PMP Project Management Professional,Tech Mahindra,Certification Examination,"December 23, 2024",Certification,synthetic_v1
e5bb6ac5-bfd,"HANDS-ON TRAINING WORKSHOP. Certificate awarded to Ganesh Nair for active participation in the Docker Containerization workshop organized by the Department of Computer Science, Kumaraguru College of Technology. Duration: 2 days. Topics covered: Introduction, Core Concepts, Advanced Techniques, Real-world Applications. Date: 13-05-2020",,Workshop on Docker Containerization,Kumaraguru College of Technology,Workshop: Docker Containerization,13-05-2020,Workshop,synthetic_v1
eb76c39c-147,This certifies that Varsha Gupta has successfully completed the HashiCorp Terraform Associate certification program offered by SAP Labs. The candidate has demonstrated proficiency in all required domains and passed the certification examination. Certificate ID: CRT-47913HBM. Date of certification: 2022-12-13. This credential is valid for 3 years.,,HashiCorp Terraform Associate,SAP Labs,Certification Examination,2022-12-13,Certification,synthetic_v1
d0775bb7-ba3,Certificate of Achievement. Stephanie Menon and team are recognized for their participation in HackWithInfy. Organized by National Institute of Technology Trichy on 2022-07-24. Duration: 48 hours. The team built an innovative solution using modern technology stack. Standing: Participant. Team Size: 5 members.,,HackWithInfy,National Institute of Technology Trichy,HackWithInfy,2022-07-24,Hackathon,synthetic_v1
d3982571-0a0,"This certificate is awarded to Suresh Williams for achieving the Best Outgoing Student Award from the Department of Information Technology, College of Engineering Guindy. The student has shown outstanding performance in academics, research, and extracurricular activities throughout their program. Dated: 22/11/2025",,Academic Achievement Certificate,College of Engineering Guindy,Academic Examinations,22/11/2025,Academic Achievement,synthetic_v1
116b0662-af8,"Dean's List Certificate.  Harini Kumar is hereby placed on the Dean's List fon the academic semester at Kumaraguru College of Technology in recognition of exceptional academic performance and maintaining a GPA above 9.0 out of 10.0. March 18, 2026",,Academic Achievement Certificate,Kumaraguru College of Technology,Academic Examinations,"March 18, 2026",Academic Achievement,synthetic_v1
196c709a-b63,Suresh Jones is hereby awarded this certificate for participation in Project Expo conducted by ACM Student Chapter. The contest challenged participants with complex algorithmic problems requiring efficient solutions within time constraints. Standing: Merit Award. Contest Date: 22-07-2024,,Project Expo,ACM Student Chapter,Project Expo,22-07-2024,Technical Competition,synthetic_v1
e28c843a-351,Certificate of Participation. This is to certify that Bhavana Kumar has successfully participated in the workshop on Machine Learning organized by Apache Software Foundation. Duration: 5 days. The workshop covered theoretical concepts and hands-on exercises. Date: 07 May 2025. Certificate ID: DOC/54213,,Workshop on Machine Learning,Apache Software Foundation,Workshop: Machine Learning,07 May 2025,Workshop,synthetic_v1
9f8c8e8d-6b9,Certificate of Participation. Vikram Reddy participated in the Cooking Competition during Oasis held at BITS Pilani on 22/11/2025. The event showcased the artistic abilities and cultural talents of students from various departments. Achievement: Runner Up.,,Cooking Competition - Oasis,BITS Pilani,Oasis,22/11/2025,Cultural Activity,synthetic_v1
a8a1ae89-015,This certifies that David Banerjee attended the technical seminar titled 'Ethical Hacking: Current Trends and Future Prospects' conducted by Linux Foundation. The seminar featured industry expert Arjun Verma and covered topics of current relevance. Date: 2021-04-21,,Seminar on Ethical Hacking,Linux Foundation,Seminar: Ethical Hacking,2021-04-21,Seminar,synthetic_v1
8568f094-f0d,Milan. SRM Institute of Science and Technology. Certificate of Achievement. Awarded to Amanda Joshi for participation in Music Festival. The cultural event brought together talented performers and artists from across the institution. Standing: Participant. Date: 05 August 2022,,Music Festival - Milan,SRM Institute of Science and Technology,Milan,05 August 2022,Cultural Activity,synthetic_v1
12a151e9-144,All India University Games. Certificate awarded to Mohan Reddy for outstanding performance in Shot Put. Organized by Amrita Vishwa Vidyapeetham. The tournament featured teams from multiple institutions and departmcnts. Result: Th ird Pl ace. Date: 0/02/2025. Ref: CRT/41860,,Shot Put - All India University Games,Amrita Vishwa Vidyapeetham,All India University Games,02/02/2025,Sports,synthetic_v1
ca3912bf-9c5,SOCIAL SERVICE CERTIFICATE. Awarded to Priya Brown for participating in the Beach Cleanup Campaign conducted by Anna University on 18-02-2024. The volunteer actively participated in planning and execution. This certificate acknowledges the spirit of social responsibility. Hours: 75.,,Beach Cleanup Campaign,Anna University,Beach Cleanup Campaign,18-02-2024,Volunteer Activity,synthetic_v1
f79e7470-220,"This certificate is awarded to Keerthana Nair for achieving the Best Outgoing Student Award from the Department of Information Technology, BITS Pilani. The student has shown outstanding performance in academics, research, and extracurricular activities throughout their program. Dated: 01/06/2021",,Academic Achievement Certificate,BITS Pilani,Academic Examinations,01/06/2021,Academic Achievement,synthetic_v1
492cd938-c8b,INTER-COLLEGE TECHNICAL COMPETITION. Paper Presentation Competition. Certificate awarded to Sarah Reddy from Coimbatore Institute of Technology for participating in the competition hosted by IIIT Hyderabad. Event type: Technical. Category: Programming. Level: College/University. Result: Best Performance. Date: 2020-02-02,,Paper Presentation Competition,IIIT Hyderabad,Paper Presentation Competition,2020-02-02,Technical Competition,synthetic_v1
4d607273-bb2,SUMMER INTERNSHIP CERTIFICATE. Deloitte. We are pleased to certify that David Menon has undergone industrial training as a Backend Development Intern at our organization for 2 weeks. The training was conducted under the supervision of senior engineers and the intern performed satisfactorily. Certificate No: ID/79518GW. Date: 16/06/2020,,Backend Development Intern - Deloitte,Deloitte,Internship,16/06/2020,Internship,synthetic_v1
88681931-856,"NATIONAL SEMINAR CERTIFICATE. PSG College of Technology organized a National Level Seminar on Cloud Computing on July 11, 2023. This certificate is issued to Jessica Wilson for attending all sessions of the seminar. Eminent speakers from academia and industry shared their expertise. Chief Guest: Vikram Chatterjee.",,Seminar on Cloud Computing,PSG College of Technology,Seminar: Cloud Computing,"July 11, 2023",Seminar,synthetic_v1
31385019-f6e,Certificate of Participation. Ashwin Rodriguez participated in the Literary Festival during Antaragni held at IIIT Hyderabad on 14/09/2024. The event showcased the artistic abilities and cultural talents of students from various departments. Achievement: Second Place.,,Literary Festival - Antaragni,IIIT Hyderabad,Antaragni,14/09/2024,Cultural Activity,synthetic_v1
20aaac66-7db,SEMINAR ATTENDANCE CERTIFICATE. Kongu Engineering College certifies that Michael Patel attended the guest lecture and seminar on 5G Technology held on 2023-11-08. Speaker: Mohan Menon. Duration: 2 hours. The session provided insights into current trends and research.,,Seminar on 5G Technology,Kongu Engineering College,Seminar: 5G Technology,2023-11-08,Seminar,synthetic_v1
b3c25528-81b,"Dean's List Certificate. Hari Nair is hereby placed on the Dean's List for the academic semester at Madras Christian College in recognition of exceptional academic performance and maintaining a GPA above 9.0 out of 10.0. January 10, 2021",,Academic Achievement Certificate,Madras Christian College,Academic Examinations,"January 10, 2021",Academic Achievement,synthetic_v1
114f419d-803,SOCIAL SERVICE CERTIFICATE. Awanded to Lakshmi Mukherj ee for pa rticipating in the Anial Welfare Campaign conducted by CII on 20/01/202. The volunteer ac tively participated in planning and execution. This certificate acknowledges the spiritof social nesponsibility. Hours: 143.,,Animal Welfare Campaign,CII,Animal Welfare Campaign,20/01/2022,Volunteer Activity,synthetic_v1
ae61b6f3-332,Certificate of Achievement in Sports. Player: Harini Garcia. Sport: Marathon. Event: State Level Championship. Venue: VIT University. Date: 31/01/2024. Category: Team. Level: Inter-College. Result: Participant. Signed by: Sports Director.,,Marathon - State Level Championship,VIT University,State Level Championship,31/01/2024,Sports,synthetic_v1
d27ed49c-875,Certificate of Paper Presentation. Varsha Chatterjee presented research work on the topic of Ethical Hacking at International Conference on Machine Learning and Applications organized by Thiagarajar College of Engineering. The presentation was well received by the academic community. Conference Date: 28/09/2025. Session: Technical Track 5.,,International Conference on Machine Learning and Applications,Thiagarajar College of Engineering,International Conference on Machine Learning and Applications,28/09/2025,Conference,synthetic_v1
8a3d8d54-0cd,CERTIFICATE OF ACADEMIC EXCELLENCE. Coimbatore Institute of Technology. This is to certify that Alex Davis has been awarded a Gold Medal for securing the highest aggregate marks in the B.Tech Computer Science and Engineering program. Convocation held on 28-10-2021. Registration No: CRT-61589HYR,,Academic Achievement Certificate,Coimbatore Institute of Technology,Academic Examinations,28-10-2021,Academic Achievement,synthetic_v1
2489343c-0f3,"We hereby certify that Lakshmi Srinivasan attended the workshop titled 'Software Engineering: From Theory to Practice' conducted by College of Engineering Guindy on 20-03-2020. The workshop spanned 1 week and included lectures, demonstrations, and lab sessions. Certificate No: ID/65348PXY",,Workshop on Software Engineering,College of Engineering Guindy,Workshop: Software Engineering,20-03-2020,Workshop,synthetic_v1
ad6c6101-57e,CODING COMPETITION CERTIFICATE. Inter-College Programming Contest organized by Manipal Institute of Technology. Participant: Riya Brown. Problems solved: 5 out of 5. Rank: 149 out of 3698 participants. Date: 21 May 2025. Achievement: Participant,,Inter-College Programming Contest,Manipal Institute of Technology,Inter-College Programming Contest,21 May 2025,Technical Competition,synthetic_v1
21d841d1-c17,"LETTER OF COMPLETION. Bhavana Srinivasan has completed the Research Intern program at Microsoft. Duration: 3 days. Project: E-Commerce Platform. Technologies used: Python, JavaScript, SQL, Cloud Services. Manager signature included. Date: 16/05/2024",,Research Intern - Microsoft,Microsoft,Internship,16/05/2024,Internship,synthetic_v1
03656a71-db6,ANNUAL SPORTS DAY CERTIFICATE. Indian Institute of Technlogy Madras. This cert lficate is awarded to Shalini Verma fon participating in Kabaddi during the Annual Sports Day beld on 15 July 2026. The event  prom0ted athletic excellence and team spirit among students. Achievement: Third Place.,,Kabaddi - District Sports Festival,Indian Institute of Technology Madras,District Sports Festival,15 July 2026,Sports,synthetic_v1
e5871c2c-b0e,ANNUAL SPORTS DAY CERTIFICATE. BITS Pilani. This certificate is awarded to Anjali Jones for participating in Cricket during the Annual Sports Day held on 2020-06-08. The event promoted athletic excellence and team spirit among students. Achievement: Third Place.,,Cricket - State Level Championship,BITS Pilani,State Level Championship,2020-06-08,Sports,synthetic_v1
f0ee875a-1ba,This certifies that Stephanie Sharma has successfully completed the Meta Front-End Developer certification program offered by LinkedIn Learning. The candidate has demonstrated proficiency in all required domains and passed the certification examination. Certificate ID: ID-82207TQP. Date of certification: 27 August 2022. This credential is valid for 3 years.,,Meta Front-End Developer,LinkedIn Learning,Certification Examination,27 August 2022,Certification,synthetic_v1
eb233cc8-eb2,PROFESSIONAL CERTIFICATION. Udacity hereby certifies that William Garcia has earned the IBM Data Science Professional credential. Examination Score: 883/1000. Certification Date: 2021-05-22. Validation Code: CRT99377NAR. Verify at udacity.com/verify,,IBM Data Science Professional,Udacity,Certification Examination,2021-05-22,Certification,synthetic_v1
1453cfd9-a02,Certificate of Publication. Rameh Bbat has published a research paper ln the proceedings of Conference on Advances in Computer Vision onganized by AWS Community. Paper title: 'A Study on Web Development using Machine Learning Approaches'. Published on: 04/08/2020. DOI: 10.6596/crt65578,,Conference on Advances in Computer Vision,AWS Community,Conference on Advances in Computer Vision,04/08/2020,Conference,synthetic_v1
66294584-efb,"OUTREACH PROGRAM CERTIFICATE. Institution of Engineers India conducted a Disaster Relief Operations event. Volunteer: James Verma. Role: Volunteer. The event was aimed at community welfare and social upliftment. Hours: 133. Date: January 22, 2024",,Disaster Relief Operations,Institution of Engineers India,Disaster Relief Operations,"January 22, 2024",Volunteer Activity,synthetic_v1
687ac0c4-d9c,CONFERENCE  PRESENTATION CERTIFICATE. International S ymposium on Internet of Things. This is to certify that Keerthana Rodriguez presentcd a paper titled 'Advances in Data Science' at the conference organized by BITS Pilani on 12 March 2022. The paper was reviewed and accepted by the technical program committee. Paper ID: CRT/16076VI,,International Symposium on Internet of Things,BITS Pilani,International Symposium on Internet of Things,12 March 2022,Conference,synthetic_v1
3752ebf5-984,VERIFIED CERTIFICATE. This is to confirm hat Jenfer Johnson has passed the AWS Certified Cloud Practitioner examination and is certified by TCS. T he certification validatcs expertise in the relevant domain and dem onstrates commitment to professional development. I ssue Date: 25-04-202,,AWS Certified Cloud Practitioner,TCS,Certification Examination,25-04-2024,Certification,synthetic_v1
980362e9-5d1,"This certificate recognizes Swathi Rao for excellence in HackerRank Challenge organized by IEEE Computer Society on 13/09/2024. The competition involved multiple rounds of technical challenges including coding, debugging, and system design. Final standing: Participant. Certificate ID: NO/9136",,HackerRank Challenge,IEEE Computer Society,HackerRank Challenge,13/09/2024,Technical Competition,synthetic_v1
4c337c78-e39,"Certificate of Merit. Akilesh Joshi demonstrated exceptional technical prowess in Wipro Elite Challenge organized by PSG College of Technology. The contest featured challenging problems in computer science and software engineering. Achievement: Participant. Date of competition: August 15, 2026. Ref: DOC-45549KO",,Wipro Elite Challenge,PSG College of Technology,Wipro Elite Challenge,"August 15, 2026",Technical Competition,synthetic_v1
d07b8ab1-bea,NSS/NCC CERTIFICATE. This eertifies that Mecra Rodriguez h as actively participated in theEnvironmental Awareness Campaign organized by Indian Society for Technical Education. The aetivity was part of the community outreach program aimed at social welfare. Service hours: 81. Date: 18/05/2021. Unit: REF-42563RY,,Environmental Awareness Campaign,Indian Society for Technical Education,Environmental Awareness Campaign,18/05/2021,Volunteer Activity,synthetic_v1
63a9403e-71d,Arts Festival. SRM Institute of Science and Technology. Certificate of Achievement. Awarded to Sarah Wilson for participation in Mehendi Competition. The cultural event brought together talented performers and artists from across the institution. Standing: Participant. Date: 10/08/2024,,Mehendi Competition - Arts Festival,SRM Institute of Science and Technology,Arts Festival,10/08/2024,Cultural Activity,synthetic_v1
e765385a-dc7,"Certificate of Participation. This certifies that Sneha Nair participated in the ACM Conference on Software Engineering organized by Anna University held on 2025-09-26. The conference featured paper presentations, keynote addresses, and panel discussions on emerging technologies. Certificate No: ID-89220HUY",,ACM Conference on Software Engineering,Anna University,ACM Conference on Software Engineering,2025-09-26,Conference,synthetic_v1
df599807-aed,"This certificate is awarded to William Pillai for achieving the Best Outgoing Student Award from the Department of Information Technology, SRM Institute of Science and Technology. The student has shown outstanding performance in academics, research, and extracurricular activities throughout their program. Dated: August 24, 2024",,Academic Achievement Certificate,SRM Institute of Science and Technology,Academic Examinations,"August 24, 2024",Academic Achievement,synthetic_v1
8062583b-0fa,CONFERENCE PRESENTATION CERTIFICATE. International Conference on Machine Learning and Applications. This is to certify that David Verma presented a paper titled 'Advances in Software Engineering' at the conference organized by Coimbatore Institute of Technology on 08 October 2023. The paper was reviewed and accepted by the technical program committee. Paper ID: REF-70763CLR,,International Conference on Machine Learning and Applications,Coimbatore Institute of Technology,International Conference on Machine Learning and Applications,08 October 2023,Conference,synthetic_v1
4d183419-454,"PERFORMING ARTS CERTIFICATE. Sarah Williams is awarded this certificate for outstanding performance in Drama Performance at Arts Festival conducted by Anna University. The performance demonstrated creativity, dedication, and artistic expression. Category: Cultural. Date: January 19, 2021. Ref: REF56561KKS",,Drama Performance - Arts Festival,Anna University,Arts Festival,"January 19, 2021",Cultural Activity,synthetic_v1
bd2fb4dc-81c,Certificate of Merit. Kumaraguru College of Technology hereby certifies that Arjun Chatterjee has secured First Class with Distinction in the semester examinations held during the academic year. The student is recognized for outstanding academic achievement. Issued on 21 September 2023.,,Academic Achievement Certificate,Kumaraguru College of Technology,Academic Examinations,21 September 2023,Academic Achievement,synthetic_v1
ffc6006b-dbb,"Certificate of Completion. Alex Menon has successfully completed the Google Data Analytics Professional course on Samsung. Duration: 5 weeks. Modules completed: 12. Final assessment score: 93%. Issued: May 08, 2023. Certificate No: REF51891",,Google Data Analytics Professional,Samsung,Certification Examination,"May 08, 2023",Certification,synthetic_v1
db29920d-0b3,Certificate of Participation. Shalini Davis participated in the Art Exhibition during Arts Festival held at Indian Institute of Technology Madras on 20/10/2023. The event showcased the artistic abilities and cultural talents of students from various departments. Achievement: Runner Up.,,Art Exhibition - Arts Festival,Indian Institute of Technology Madras,Arts Festival,20/10/2023,Cultural Activity,synthetic_v1
1e5ffbbc-987,UNIVERSITY SPORTS CERTIFICATE. BITS Pilani awards this certificate to Ashley Davis for representing the institution in Throwball at the Inter-Department Sports Day. The athlete showed remarkable performance and competitive spirit. Result: Participant. Event Date: 17-01-2023. Player ID: CRT/64245QAB,,Throwball - Inter-Department Sports Day,BITS Pilani,Inter-Department Sports Day,17-01-2023,Sports,synthetic_v1
d0b01e99-f91,"This certificate is awarded to Nithya Patel for successful completion of the Mobile App Development Intern internship program at Google. The intern worked for 6 weeks and gained hands-on experience in software engineering, agile development, and deployment processes. The work was of high quality and met professional standards. Signed by the Engineering Director. April 18, 2025",,Mobile App Development Intern - Google,Google,Internship,"April 18, 2025",Internship,synthetic_v1
0ecdbb1c-858,Digital Certificate. Michael Agarwal is now a certified professional. Certification: IBM Data Science Professional. Issuing Organization: JPMorgan Chase. Exam passed on: 29-10-2026. Score: Pass. Badge earned. Credential ID: ID-55346BJU. This certificate does not expire.,,IBM Data Science Professional,JPMorgan Chase,Certification Examination,29-10-2026,Certification,synthetic_v1
0af9d380-f77,"This document certifies that Amanda Jones has met all requirements for the MongoDB Certified Developer credential as administered by Pluralsight. The certification process included written examination, practical assessment, and project submission. Certified on September 05, 2026. ID: ID/53789WPQ",,MongoDB Certified Developer,Pluralsight,Certification Examination,"September 05, 2026",Certification,synthetic_v1
122ac485-579,HUMANITARIAN SERVICE CERTIFICATE. Shalini Garcia contributed to the Digital Literacy Program organized by Indian Institute of Technology Madras. This certificate recognizes the volunteer's commitment to making a positive impact on society. Service period: 198 hours. Issued on: 12/10/2025. Certificate No: REF28939C,,Digital Literacy Program,Indian Institute of Technology Madras,Digital Literacy Program,12/10/2025,Volunteer Activity,synthetic_v1
df3a86c0-fa9,"This certificate is presented to Michael Pillai in recognition of artistic contribution to Art Exhibition held during College Fest at Anna University. The participant exhibited remarkable talent and stage presence. Judge remarks: Commendable performance. Date: June 16, 2022",,Art Exhibition - College Fest,Anna University,College Fest,"June 16, 2022",Cultural Activity,synthetic_v1
327a4938-78c,SUMMER INTERNSHIP CERTIFICATE. Deloitte. We are pleased to certify that Emily Brown has undergone industrial training as a Quality Assurance Intern at our organization for 6 months. The training was conducted under the supervision of senior engineers and the intern performed satisfactorily. Certificate No: DOC13950XU. Date: 23/09/2024,,Quality Assurance Intern - Deloitte,Deloitte,Internship,23/09/2024,Internship,synthetic_v1
0bfbb4af-a31,HACKATHON CERTIFICATE. AngelHack. TCS certifies that Michael Menon participated in the 36 hours hackathon challenge and developed a working prototype addressing the problem statement. Theme: Sustainability. Date: 20-07-2022. Achievement: Participant,,AngelHack,TCS,AngelHack,20-07-2022,Hackathon,synthetic_v1
28995577-62c,Certificate of Appreciation. UNICEF India appreciates the voluntary service of Karthik Agarwal during the Anti-Drug Campaign. The volunteer played a key role in the success of the initiative. Impact: Notable. Date: 16/08/2024.,,Anti-Drug Campaign,UNICEF India,Anti-Drug Campaign,16/08/2024,Volunteer Activity,synthetic_v1
969df5bc-1fa,"This document certifies that Vikram Srinivasan has met all requirements for the AWS Certified Cloud Practitioner credential as administered by Goldman Sachs. The certification process included written examination, practical assessment, and project submission. Certified on 15 August 2022. ID: NO-22939",,AWS Certified Cloud Practitioner,Goldman Sachs,Certification Examination,15 August 2022,Certification,synthetic_v1
ab3f9341-e00,NATIONAL SEMINAR CERTIFICATE. SSN College of Engineering organized a National Level Seminar on Agile Methodologies on 19 January 2024. This certificate is issued to Manoj Kumar for attending all sessions of the seminar. Eminent speakers from academia and industry shared their expertise. Chief Guest: Amanda Sharma.,,Seminar on Agile Methodologies,SSN College of Engineering,Seminar: Agile Methodologies,19 January 2024,Seminar,synthetic_v1
c9623db3-7c2,"This document certifies that Harini Jones has met all requirements for the Oracle Certified Java Programmer credential as administered by Coursera. The certification process included written examination, practical assessment, and project submission. Certified on 15/05/2025. ID: NO-38152",,Oracle Certified Java Programmer,Coursera,Certification Examination,15/05/2025,Certification,synthetic_v1
c4aff56d-cf2,SOCIAL SERVICE CERTIFICATE. Awarded to Christopher Banerjee for participating in the Road Safety Awareness conducted by CII on 25/05/2026. The volunteer actively participated in planning and execution. This certificate acknowledges the spirit of social responsibility. Hours: 50.,,Road Safety Awareness,CII,Road Safety Awareness,25/05/2026,Volunteer Activity,synthetic_v1
53c7aba3-ad7,"Certificate of Participation. Seminar on Green Computing. Participant: Stephanie Rodriguez. Venue: IEEE Computer Society. Date: October 21, 2022. Keynote Speaker: Arjun Iyer. The seminar explored theoretical underpinnings and practical applications of the subject. Ref: NO/11973JQE",,Seminar on Green Computing,IEEE Computer Society,Seminar: Green Computing,"October 21, 2022",Seminar,synthetic_v1
30c2b489-6b9,Digital Certificate. Riya Miller is now a certified professional. Certification: Meta Front-End Developer. Issuing Organization: JPMorgan Chase. Exam passed on: 19 April 2021. Score: Pass. Badge earned. Credential ID: CRT-92248. This certificate does not expire.,,Meta Front-End Developer,JPMorgan Chase,Certification Examination,19 April 2021,Certification,synthetic_v1
958ab217-0ee,AngelHack Certificate of Participation. Bhavana Pillai is commended for participating in the coding hackathon organized by Indian Institute of Technology Madras. The hackathon brought together talented developers to solve pressing challenges through technology and innovation. Duration: 36 hours. Date: 10 January 2026. Ref: CERT/16453G,,AngelHack,Indian Institute of Technology Madras,AngelHack,10 January 2026,Hackathon,synthetic_v1
a8a0dafd-a5b,INTER -COLLEGE TECH NICAL C0MPETITION. Debugging Challenge. Certificate awarded to Harini Singh from Bharathiar University for participating in the competition h0sted by VIT University. Event type: Technical. Category: Programming. Level: College/University. Result: First Plac e. Date: 2021-05-24,,Debugging Challenge,VIT University,Debugging Challenge,2021-05-24,Technical Competition,synthetic_v1
e18ea8b5-090,INTER-COLLEGE TECHNICAL COMPETITION. ACM ICPC. Certificate awarded to Michael Iyer from Bharathiar University for participating in the competition hosted by SRM Institute of Science and Technology. Event type: Technical. Category: Programming. Level: College/University. Result: Excellence Award. Date: 2023-01-26,,ACM ICPC,SRM Institute of Science and Technology,ACM ICPC,2023-01-26,Technical Competition,synthetic_v1
fd70d022-068,"ATHLETIC ACHIEVEMENT CERTIFICATE. Amrita Vishwa Vidyapeetham SportsCommittee certifies that Wil 1iam Rao participated in the Throwball competition during the University Sports Meet on December 06, 2022. The event prooted physical fitness, teamwork, and healthy competition among students. Standing: articipant.",,Throwball - University Sports Meet,Amrita Vishwa Vidyapeetham,University Sports Meet,"December 06, 2022",Sports,synthetic_v1
54fd961c-8ff,Certificate of Merit. Jessica Joshi dernonstrated exceptional technical prowess in National Coding Championship organized by IIIT Hyderabad. The contest featured challenging problems in computer science and software engineering. Achievement: Third Place. Date of competition: 13 December 2021. Ref: CERT/63174PIQ,,National Coding Championship,IIIT Hyderabad,National Coding Championship,13 December 2021,Technical Competition,synthetic_v1
61ba9ec8-12a,This is to certify that James Rao has achieved outstanding academic performance and is awarded the Certificate of Academic Excellence by VIT University. Date: 06/02/2026. The student has demonstrated exceptional skills in coursework and examination. Certificate ID: CRT/49630JLG,,Academic Achievement Certificate,VIT University,Academic Examinations,06/02/2026,Academic Achievement,synthetic_v1
d79d226a-e43,SPORTS ACHIEVEMENT CERTIFICATE. This is to certify that Rahul Iyer participated in Cricket at the Annual Athletic Meet organized by IIIT Hyderabad. Position secured: Participant. The tournament was held on 14/04/2026. Certificate No: CRT86836,,Cricket - Annual Athletic Meet,IIIT Hyderabad,Annual Athletic Meet,14/04/2026,Sports,synthetic_v1
d82db278-377,INTER-COLLEGE TECHNICAL COMPETITION. Technical Quiz. Certificate awarded to Stephanie Pillai from National Institute of Technology Trichy for participating in the competition hosted by Anna University. Event type: Technical. Category: Programming. Level: College/University. Result: Best Performance. Date: 2025-09-01,,Technical Quiz,Anna University,Technical Quiz,2025-09-01,Technical Competition,synthetic_v1
c8ff1f32-82e,"CERTIFICATE OF ACADEMIC EXCELLENCE. Madras Christian College. This is to certify that Pooja Johnson has been awarded a Gold Medal for securing the highest aggregate marks in the B.Tech Computer Science and Engineering program. Convocation held on April 22, 2021. Registration No: REF77983X",,Academic Achievement Certificate,Madras Christian College,Academic Examinations,"April 22, 2021",Academic Achievement,synthetic_v1
453ace3d-475,Dean's List Certificate. Sanjay Reddy is hereby placed on the Dean's List for the academic semester at Loyola College Chennai in recognition of exceptional academic performance and maintaining a GPA above 9.0 out of 10.0. 2023-11-16,,Academic Achievement Certificate,Loyola College Chennai,Academic Examinations,2023-11-16,Academic Achievement,synthetic_v1
ec4080a7-d39,"Certlficate of Particpation. This certifies that Lakshmi Rao participated in the Iternational Symposium on  Internet of Things organized by Amrita Vishwa Vidyapeetham held on 24/05/021. The conference featured paper presentations, keynote addresses, and ponel discussions on merging tech nologies. Certificate No: ID52185YLJ",,International Symposium on Internet of Things,Amrita Vishwa Vidyapeetham,International Symposium on Internet of Things,24/05/2021,Conference,synthetic_v1
15698315-c6c,"HACKATHON WINNER CERTIFICATE. This is to certify that Sneha Kumar secured Participant at Google Hash Code organized by Anna University on 13/11/2023. The 3 days intensive competition tested skills in problem analysis, solution design, coding, and presentation. Prize category: Best Technical Implementation.",,Google Hash Code,Anna University,Google Hash Code,13/11/2023,Hackathon,synthetic_v1
405f8307-325,"IBM Learning Platform. CERTIFICATE OF ACHIEVEMENT. This certificate is awarded to Harini Joshi for completing the Red Hat Certified System Administrator Professional Certificate program. The learner has completed all required courses, hands-on labs, and assessments. Hours of learning: 135. Completed on: 2026-05-27",,Red Hat Certified System Administrator,IBM,Certification Examination,2026-05-27,Certification,synthetic_v1
2ce2df69-8c9,CULTURAL ACTIVITY CERTIFICATE. This is to certify that Rajesh Iyer participated in Quiz Competition at Spring Fest organized by BITS Pilani. The student demonstrated exceptional artistic talent and creativity. Position: Participant. Date: 2021-12-26. Certificate ID: NO84869KY,,Quiz Competition - Spring Fest,BITS Pilani,Spring Fest,2021-12-26,Cultural Activity,synthetic_v1
0c9a6f20-293,Certificate of Completion. Rahul Singh has successfully completed the CompTIA Security+ course on Accenture. Duration: 8 weeks. Modules completed: 10. Final assessment score: 88%. Issued: 11-01-2026. Certificate No: CRT/67330,,CompTIA Security+,Accenture,Certification Examination,11-01-2026,Certification,synthetic_v1
57e3a12c-8d2,This certifies that Arun Rao attended the technical seminar titled 'Database Management: Current Trends and Future Prospects' conducted by Bharathiar University. The seminar featured industry expert Priya Miller and covered topics of current relevance. Date: 01 July 2024,,Seminar on Database Management,Bharathiar University,Seminar: Database Management,01 July 2024,Seminar,synthetic_v1
8d503752-46f,Digital Certificate. Meera Verma is now a certified professional. Certification: Salesforce Administrator. Issuing Organization: Cisco. Exam passed on: 12-08-2026. Score: Pass. Badge earned. Credential ID: NO-96945YBT. This certificate does not expire.,,Salesforce Administrator,Cisco,Certification Examination,12-08-2026,Certification,synthetic_v1
a1adb66a-8e1,"INTERNSHIP COMPLETION CERTIFICATE. This is to certify that Keerthana Patel has successfully completed an internship at JPMorgan Chase as a UI/UX Design Intern. Duration: 2 weeks. During the internship, the candidate worked on real-world projects and demonstrated strong technical skills and professional conduct. Date: 11 November 2021. HR Reference: REF-17342BA",,UI/UX Design Intern - JPMorgan Chase,JPMorgan Chase,Internship,11 November 2021,Internship,synthetic_v1
388e40c5-c2b,This certificate is awarded to Shreya Bhat for suceessfully participating in the AngelHack organized by HCL Technologies. The hackathon was held on 27/ 10/2024 and lasted 48 hours.  The particlpant  demonstrated innovative problem-solving and coding skills. Positiori: Participant. Certificate ID: REF-25680M,,AngelHack,HCL Technologies,AngelHack,27/10/2024,Hackathon,synthetic_v1
defe8d58-e17,"CONTINUING EDUCATION CERTIFICATE. Ananya Patel has earned 26 Professional Development Units by completing the CompTIA Security+ program at Intel. Areas covered include theoretical foundations and practical applications. Date: October 16, 2025",,CompTIA Security+,Intel,Certification Examination,"October 16, 2025",Certification,synthetic_v1
64126ac2-01d,COMMUNITY SERVICE CERTIFICATE. Anjali Patel is recognized for selfless volunteer service during the Cleanliness Drive organized by CII. The event served 313 beneficiaries. Duration of service: 61 hours. Date: 2023-08-15. Commendation: Exemplary service.,,Cleanliness Drive,CII,Cleanliness Drive,2023-08-15,Volunteer Activity,synthetic_v1
